postcode,lat,lng,month_num,crime_count_per_month,anti-social,theft,violence
BS1 1BU,51.456677,-2.592162,3,1649,0.0011687628,0.97731733,0.021513866
BS1 1BU,51.456677,-2.592162,4,1720,0.0005900277,0.998259,0.0011509373
BS1 1BU,51.456677,-2.592162,5,1813,0.0023978387,0.990902,0.0067001376
BS1 1BU,51.456677,-2.592162,6,1666,0.003873422,0.96875876,0.02736778
BS1 1BU,51.456677,-2.592162,7,1728,0.9585012,0.0032576576,0.038241122
BS1 1BU,51.456677,-2.592162,8,1880,0.9989286,0.0004869768,0.00058439834
BS1 1BU,51.456677,-2.592162,9,1612,0.68981344,0.0046430533,0.30554348
BS1 1BU,51.456677,-2.592162,10,1780,0.99926835,0.00023584574,0.00049585564
BS1 1BU,51.456677,-2.592162,11,1518,0.0009658481,7.702906e-05,0.99895716
BS1 1BU,51.456677,-2.592162,12,1344,8.664244e-05,1.3563735e-05,0.99989974
BS1 1BU,51.456677,-2.592162,1,1496,0.9993405,0.00041433322,0.00024521968
BS1 1BU,51.456677,-2.592162,2,1388,0.99985945,9.3488765e-05,4.698508e-05
BS1 1BU,51.456677,-2.592162,3,1562,0.99700123,0.0007970774,0.0022016368
BS1 1DL,51.456677,-2.592162,3,1652,0.0048928745,0.8956478,0.09945926
BS1 1DL,51.456677,-2.592162,4,1719,0.00012529053,0.99943024,0.00044439264
BS1 1DL,51.456677,-2.592162,5,1798,0.001504224,0.9762057,0.02229004
BS1 1DL,51.456677,-2.592162,6,1660,0.001237406,0.99114484,0.007617794
BS1 1DL,51.456677,-2.592162,7,1724,0.75541836,0.1254633,0.11911831
BS1 1DL,51.456677,-2.592162,8,1876,0.9989286,0.0004869768,0.00058439834
BS1 1DL,51.456677,-2.592162,9,1614,0.68981344,0.0046430533,0.30554348
BS1 1DL,51.456677,-2.592162,10,1774,0.9987367,0.00015990692,0.0011034666
BS1 1DL,51.456677,-2.592162,11,1513,0.0009658481,7.702906e-05,0.99895716
BS1 1DL,51.456677,-2.592162,12,1340,8.602118e-05,0.007183896,0.9927301
BS1 1DL,51.456677,-2.592162,1,1492,0.9993405,0.00041433322,0.00024521968
BS1 1DL,51.456677,-2.592162,2,1385,0.99985945,9.3488765e-05,4.698508e-05
BS1 1DL,51.456677,-2.592162,3,1561,0.99700123,0.0007970774,0.0022016368
BS1 1NR,51.456677,-2.592162,3,1657,0.0043454766,0.8795262,0.11612835
BS1 1NR,51.456677,-2.592162,4,1721,0.0005900277,0.998259,0.0011509373
BS1 1NR,51.456677,-2.592162,5,1810,0.0023978387,0.990902,0.0067001376
BS1 1NR,51.456677,-2.592162,6,1662,0.0027148693,0.97810316,0.019181993
BS1 1NR,51.456677,-2.592162,7,1736,0.7816016,0.07055389,0.1478445
BS1 1NR,51.456677,-2.592162,8,1882,0.9989286,0.0004869768,0.00058439834
BS1 1NR,51.456677,-2.592162,9,1610,0.68981344,0.0046430533,0.30554348
BS1 1NR,51.456677,-2.592162,10,1776,0.9976726,0.00023546912,0.0020918767
BS1 1NR,51.456677,-2.592162,11,1515,0.0009658481,7.702906e-05,0.99895716
BS1 1NR,51.456677,-2.592162,12,1345,8.664244e-05,1.3563735e-05,0.99989974
BS1 1NR,51.456677,-2.592162,1,1504,0.9993405,0.00041433322,0.00024521968
BS1 1NR,51.456677,-2.592162,2,1393,0.99985945,9.3488765e-05,4.698508e-05
BS1 1NR,51.456677,-2.592162,3,1577,0.996518,0.00092554226,0.0025564742
BS1 1PN,51.456677,-2.592162,3,1657,0.0043454766,0.8795262,0.11612835
BS1 1PN,51.456677,-2.592162,4,1722,0.0005900277,0.998259,0.0011509373
BS1 1PN,51.456677,-2.592162,5,1808,0.0023978387,0.990902,0.0067001376
BS1 1PN,51.456677,-2.592162,6,1661,0.001237406,0.99114484,0.007617794
BS1 1PN,51.456677,-2.592162,7,1737,0.79603463,0.032684542,0.17128082
BS1 1PN,51.456677,-2.592162,8,1882,0.9989286,0.0004869768,0.00058439834
BS1 1PN,51.456677,-2.592162,9,1607,0.51260436,0.0070095644,0.4803861
BS1 1PN,51.456677,-2.592162,10,1774,0.9987367,0.00015990692,0.0011034666
BS1 1PN,51.456677,-2.592162,11,1517,0.0009658481,7.702906e-05,0.99895716
BS1 1PN,51.456677,-2.592162,12,1344,8.664244e-05,1.3563735e-05,0.99989974
BS1 1PN,51.456677,-2.592162,1,1504,0.9993405,0.00041433322,0.00024521968
BS1 1PN,51.456677,-2.592162,2,1392,0.99985945,9.3488765e-05,4.698508e-05
BS1 1PN,51.456677,-2.592162,3,1575,0.996518,0.00092554226,0.0025564742
BS1 1QB,51.456677,-2.592162,3,1653,0.0048928745,0.8956478,0.09945926
BS1 1QB,51.456677,-2.592162,4,1727,0.0025644945,0.98241144,0.01502405
BS1 1QB,51.456677,-2.592162,5,1820,0.0023978387,0.990902,0.0067001376
BS1 1QB,51.456677,-2.592162,6,1667,0.003873422,0.96875876,0.02736778
BS1 1QB,51.456677,-2.592162,7,1735,0.7816016,0.07055389,0.1478445
BS1 1QB,51.456677,-2.592162,8,1891,0.9989286,0.0004869768,0.00058439834
BS1 1QB,51.456677,-2.592162,9,1609,0.51260436,0.0070095644,0.4803861
BS1 1QB,51.456677,-2.592162,10,1771,0.9987367,0.00015990692,0.0011034666
BS1 1QB,51.456677,-2.592162,11,1520,0.0009658481,7.702906e-05,0.99895716
BS1 1QB,51.456677,-2.592162,12,1353,8.664244e-05,1.3563735e-05,0.99989974
BS1 1QB,51.456677,-2.592162,1,1505,0.9993405,0.00041433322,0.00024521968
BS1 1QB,51.456677,-2.592162,2,1401,0.99985945,9.3488765e-05,4.698508e-05
BS1 1QB,51.456677,-2.592162,3,1567,0.99700123,0.0007970774,0.0022016368
BS1 1RA,51.456677,-2.592162,3,1650,0.0011687628,0.97731733,0.021513866
BS1 1RA,51.456677,-2.592162,4,1728,0.0025644945,0.98241144,0.01502405
BS1 1RA,51.456677,-2.592162,5,1815,0.0023978387,0.990902,0.0067001376
BS1 1RA,51.456677,-2.592162,6,1671,0.028294941,0.66902393,0.3026811
BS1 1RA,51.456677,-2.592162,7,1735,0.7816016,0.07055389,0.1478445
BS1 1RA,51.456677,-2.592162,8,1884,0.9989286,0.0004869768,0.00058439834
BS1 1RA,51.456677,-2.592162,9,1614,0.68981344,0.0046430533,0.30554348
BS1 1RA,51.456677,-2.592162,10,1787,0.99926835,0.00023584574,0.00049585564
BS1 1RA,51.456677,-2.592162,11,1523,0.0009658481,7.702906e-05,0.99895716
BS1 1RA,51.456677,-2.592162,12,1346,8.664244e-05,1.3563735e-05,0.99989974
BS1 1RA,51.456677,-2.592162,1,1510,0.9993405,0.00041433322,0.00024521968
BS1 1RA,51.456677,-2.592162,2,1392,0.99985945,9.3488765e-05,4.698508e-05
BS1 1RA,51.456677,-2.592162,3,1568,0.99700123,0.0007970774,0.0022016368
BS1 1RB,51.456677,-2.592162,3,1647,0.0044867126,0.90105796,0.09445537
BS1 1RB,51.456677,-2.592162,4,1716,0.000261928,0.9988091,0.0009290318
BS1 1RB,51.456677,-2.592162,5,1796,0.001504224,0.9762057,0.02229004
BS1 1RB,51.456677,-2.592162,6,1653,0.020939555,0.76209724,0.21696314
BS1 1RB,51.456677,-2.592162,7,1724,0.75541836,0.1254633,0.11911831
BS1 1RB,51.456677,-2.592162,8,1874,0.9989286,0.0004869768,0.00058439834
BS1 1RB,51.456677,-2.592162,9,1609,0.51260436,0.0070095644,0.4803861
BS1 1RB,51.456677,-2.592162,10,1771,0.9987367,0.00015990692,0.0011034666
BS1 1RB,51.456677,-2.592162,11,1510,0.0009658481,7.702906e-05,0.99895716
BS1 1RB,51.456677,-2.592162,12,1336,8.602118e-05,0.007183896,0.9927301
BS1 1RB,51.456677,-2.592162,1,1489,0.9993405,0.00041433322,0.00024521968
BS1 1RB,51.456677,-2.592162,2,1384,0.99985945,9.3488765e-05,4.698508e-05
BS1 1RB,51.456677,-2.592162,3,1558,0.99700123,0.0007970774,0.0022016368
BS1 1RG,51.456677,-2.592162,3,1646,0.0044867126,0.90105796,0.09445537
BS1 1RG,51.456677,-2.592162,4,1713,0.000261928,0.9988091,0.0009290318
BS1 1RG,51.456677,-2.592162,5,1793,0.0029605373,0.8095485,0.18749098
BS1 1RG,51.456677,-2.592162,6,1651,0.020679813,0.75264394,0.22667626
BS1 1RG,51.456677,-2.592162,7,1719,0.6695788,0.31218222,0.018238995
BS1 1RG,51.456677,-2.592162,8,1869,0.9989286,0.0004869768,0.00058439834
BS1 1RG,51.456677,-2.592162,9,1604,0.51260436,0.0070095644,0.4803861
BS1 1RG,51.456677,-2.592162,10,1772,0.9987367,0.00015990692,0.0011034666
BS1 1RG,51.456677,-2.592162,11,1507,0.00090867246,7.703346e-05,0.99901426
BS1 1RG,51.456677,-2.592162,12,1336,8.602118e-05,0.007183896,0.9927301
BS1 1RG,51.456677,-2.592162,1,1486,0.9993405,0.00041433322,0.00024521968
BS1 1RG,51.456677,-2.592162,2,1378,0.99985945,9.3488765e-05,4.698508e-05
BS1 1RG,51.456677,-2.592162,3,1557,0.99700123,0.0007970774,0.0022016368
BS1 1UA,51.456677,-2.592162,3,1650,0.0011687628,0.97731733,0.021513866
BS1 1UA,51.456677,-2.592162,4,1728,0.0025644945,0.98241144,0.01502405
BS1 1UA,51.456677,-2.592162,5,1815,0.0023978387,0.990902,0.0067001376
BS1 1UA,51.456677,-2.592162,6,1671,0.028294941,0.66902393,0.3026811
BS1 1UA,51.456677,-2.592162,7,1735,0.7816016,0.07055389,0.1478445
BS1 1UA,51.456677,-2.592162,8,1884,0.9989286,0.0004869768,0.00058439834
BS1 1UA,51.456677,-2.592162,9,1614,0.68981344,0.0046430533,0.30554348
BS1 1UA,51.456677,-2.592162,10,1787,0.99926835,0.00023584574,0.00049585564
BS1 1UA,51.456677,-2.592162,11,1523,0.0009658481,7.702906e-05,0.99895716
BS1 1UA,51.456677,-2.592162,12,1346,8.664244e-05,1.3563735e-05,0.99989974
BS1 1UA,51.456677,-2.592162,1,1508,0.9993405,0.00041433322,0.00024521968
BS1 1UA,51.456677,-2.592162,2,1391,0.99985945,9.3488765e-05,4.698508e-05
BS1 1UA,51.456677,-2.592162,3,1568,0.99700123,0.0007970774,0.0022016368
BS1 4EX,51.456677,-2.592162,3,1651,0.0011687628,0.97731733,0.021513866
BS1 4EX,51.456677,-2.592162,4,1720,0.0005900277,0.998259,0.0011509373
BS1 4EX,51.456677,-2.592162,5,1797,0.001504224,0.9762057,0.02229004
BS1 4EX,51.456677,-2.592162,6,1660,0.001237406,0.99114484,0.007617794
BS1 4EX,51.456677,-2.592162,7,1735,0.7816016,0.07055389,0.1478445
BS1 4EX,51.456677,-2.592162,8,1885,0.9989286,0.0004869768,0.00058439834
BS1 4EX,51.456677,-2.592162,9,1608,0.51260436,0.0070095644,0.4803861
BS1 4EX,51.456677,-2.592162,10,1765,0.9985838,0.00015988245,0.0012562943
BS1 4EX,51.456677,-2.592162,11,1518,0.0009658481,7.702906e-05,0.99895716
BS1 4EX,51.456677,-2.592162,12,1347,8.664244e-05,1.3563735e-05,0.99989974
BS1 4EX,51.456677,-2.592162,1,1495,0.9993405,0.00041433322,0.00024521968
BS1 4EX,51.456677,-2.592162,2,1389,0.99985945,9.3488765e-05,4.698508e-05
BS1 4EX,51.456677,-2.592162,3,1574,0.996518,0.00092554226,0.0025564742
BS10 6FB,51.509605,-2.62099,3,321,0.00015913707,0.44740883,0.55243206
BS10 6FB,51.509605,-2.62099,4,298,0.012258281,0.4347364,0.55300534
BS10 6FB,51.509605,-2.62099,5,338,0.033266775,0.460034,0.50669926
BS10 6FB,51.509605,-2.62099,6,352,0.0003233664,0.32886547,0.6708112
BS10 6FB,51.509605,-2.62099,7,357,0.00044818604,0.22137119,0.7781806
BS10 6FB,51.509605,-2.62099,8,368,0.0001846143,0.76983804,0.22997735
BS10 6FB,51.509605,-2.62099,9,374,0.00049052446,0.058997147,0.9405123
BS10 6FB,51.509605,-2.62099,10,342,0.0014108449,0.57623357,0.42235562
BS10 6FB,51.509605,-2.62099,11,309,0.00032720482,0.4210634,0.5786094
BS10 6FB,51.509605,-2.62099,12,255,3.3025135e-05,3.519778e-05,0.9999318
BS10 6FB,51.509605,-2.62099,1,233,0.00011156237,0.038105577,0.96178293
BS10 6FB,51.509605,-2.62099,2,218,1.5155403e-05,0.0056210547,0.9943638
BS10 6FB,51.509605,-2.62099,3,351,0.00056577055,0.07263038,0.9268038
BS10 6NL,51.509605,-2.62099,3,362,0.00069679075,0.56801975,0.4312834
BS10 6NL,51.509605,-2.62099,4,336,0.3907307,0.14797296,0.46129638
BS10 6NL,51.509605,-2.62099,5,374,0.023405513,0.17037836,0.8062161
BS10 6NL,51.509605,-2.62099,6,381,0.0002554549,0.25023636,0.7495082
BS10 6NL,51.509605,-2.62099,7,400,0.0030628354,0.53860945,0.45832774
BS10 6NL,51.509605,-2.62099,8,415,0.009555775,0.07287325,0.91757095
BS10 6NL,51.509605,-2.62099,9,415,0.013187846,0.095658205,0.891154
BS10 6NL,51.509605,-2.62099,10,377,0.0008199575,0.16885021,0.83032984
BS10 6NL,51.509605,-2.62099,11,339,0.0005800196,0.61869943,0.3807205
BS10 6NL,51.509605,-2.62099,12,303,7.873048e-06,0.0028924518,0.99709976
BS10 6NL,51.509605,-2.62099,1,268,0.00019635244,0.0921341,0.9076696
BS10 6NL,51.509605,-2.62099,2,240,0.00031623198,0.41249752,0.5871863
BS10 6NL,51.509605,-2.62099,3,378,0.0010975923,0.57756346,0.42133895
BS10 6RP,51.509605,-2.62099,3,330,7.4167925e-05,0.11633217,0.8835936
BS10 6RP,51.509605,-2.62099,4,295,0.013183803,0.34775537,0.6390608
BS10 6RP,51.509605,-2.62099,5,327,0.002246817,0.13647157,0.8612816
BS10 6RP,51.509605,-2.62099,6,354,0.00039380605,0.41252592,0.5870803
BS10 6RP,51.509605,-2.62099,7,352,0.00034186873,0.4056014,0.5940567
BS10 6RP,51.509605,-2.62099,8,367,0.00023836382,0.79937357,0.20038801
BS10 6RP,51.509605,-2.62099,9,380,0.0003792974,0.16777484,0.8318458
BS10 6RP,51.509605,-2.62099,10,349,0.0009510579,0.08408648,0.9149624
BS10 6RP,51.509605,-2.62099,11,308,0.00017406205,0.83627313,0.16355285
BS10 6RP,51.509605,-2.62099,12,253,3.3025135e-05,3.519778e-05,0.9999318
BS10 6RP,51.509605,-2.62099,1,226,5.9632122e-05,0.022129795,0.9778106
BS10 6RP,51.509605,-2.62099,2,215,1.5155403e-05,0.0056210547,0.9943638
BS10 6RP,51.509605,-2.62099,3,340,0.0010932545,0.23017721,0.7687295
BS10 6RU,51.509605,-2.62099,3,334,0.00018071134,0.43297684,0.56684244
BS10 6RU,51.509605,-2.62099,4,303,0.014962982,0.31001505,0.67502195
BS10 6RU,51.509605,-2.62099,5,339,0.037639737,0.2582101,0.70415014
BS10 6RU,51.509605,-2.62099,6,365,0.0003887208,0.33302376,0.66658753
BS10 6RU,51.509605,-2.62099,7,372,0.0004113777,0.04854732,0.9510412
BS10 6RU,51.509605,-2.62099,8,381,0.00030077592,0.12967764,0.8700216
BS10 6RU,51.509605,-2.62099,9,384,0.0003638139,0.13408534,0.8655508
BS10 6RU,51.509605,-2.62099,10,350,0.0009510579,0.08408648,0.9149624
BS10 6RU,51.509605,-2.62099,11,311,0.00032720482,0.4210634,0.5786094
BS10 6RU,51.509605,-2.62099,12,256,3.3025135e-05,3.519778e-05,0.9999318
BS10 6RU,51.509605,-2.62099,1,231,0.00015492366,0.06591747,0.93392766
BS10 6RU,51.509605,-2.62099,2,221,0.00011967721,0.12334893,0.8765314
BS10 6RU,51.509605,-2.62099,3,355,0.00045379475,0.08753366,0.9120125
BS10 6TD,51.509605,-2.62099,3,368,0.0008870549,0.44022202,0.5588909
BS10 6TD,51.509605,-2.62099,4,334,0.015735652,0.19366974,0.7905946
BS10 6TD,51.509605,-2.62099,5,370,0.015947813,0.59441304,0.3896391
BS10 6TD,51.509605,-2.62099,6,380,0.0002554549,0.25023636,0.7495082
BS10 6TD,51.509605,-2.62099,7,402,0.0037946217,0.36458093,0.63162446
BS10 6TD,51.509605,-2.62099,8,417,0.0047565536,0.07044982,0.92479366
BS10 6TD,51.509605,-2.62099,9,418,0.006222043,0.07958921,0.91418874
BS10 6TD,51.509605,-2.62099,10,379,0.00061233854,0.122269414,0.87711823
BS10 6TD,51.509605,-2.62099,11,339,0.0005800196,0.61869943,0.3807205
BS10 6TD,51.509605,-2.62099,12,293,5.488421e-06,0.0005310513,0.9994635
BS10 6TD,51.509605,-2.62099,1,264,0.0020404991,0.37933803,0.6186215
BS10 6TD,51.509605,-2.62099,2,239,0.00031623198,0.41249752,0.5871863
BS10 6TD,51.509605,-2.62099,3,375,0.00049598166,0.15620567,0.8432983
BS10 6TF,51.509605,-2.62099,3,369,0.0008870549,0.44022202,0.5588909
BS10 6TF,51.509605,-2.62099,4,335,0.3907307,0.14797296,0.46129638
BS10 6TF,51.509605,-2.62099,5,372,0.023405513,0.17037836,0.8062161
BS10 6TF,51.509605,-2.62099,6,373,0.0003456728,0.04562724,0.95402706
BS10 6TF,51.509605,-2.62099,7,402,0.0037946217,0.36458093,0.63162446
BS10 6TF,51.509605,-2.62099,8,418,0.0052359467,0.070415884,0.9243481
BS10 6TF,51.509605,-2.62099,9,418,0.006222043,0.07958921,0.91418874
BS10 6TF,51.509605,-2.62099,10,387,0.00085818453,0.28148636,0.7176555
BS10 6TF,51.509605,-2.62099,11,339,0.0005800196,0.61869943,0.3807205
BS10 6TF,51.509605,-2.62099,12,297,7.873048e-06,0.0028924518,0.99709976
BS10 6TF,51.509605,-2.62099,1,267,0.0010239738,0.21301062,0.7859654
BS10 6TF,51.509605,-2.62099,2,238,0.00031623198,0.41249752,0.5871863
BS10 6TF,51.509605,-2.62099,3,379,0.00077480084,0.30982497,0.6894002
BS10 6TH,51.509605,-2.62099,3,342,0.00097165664,0.17065114,0.8283772
BS10 6TH,51.509605,-2.62099,4,317,0.011829073,0.08704817,0.9011228
BS10 6TH,51.509605,-2.62099,5,361,0.03118555,0.24572843,0.723086
BS10 6TH,51.509605,-2.62099,6,362,0.0004371824,0.14186764,0.85769516
BS10 6TH,51.509605,-2.62099,7,378,0.0004314007,0.19309275,0.8064759
BS10 6TH,51.509605,-2.62099,8,402,0.0022213464,0.7019132,0.29586548
BS10 6TH,51.509605,-2.62099,9,392,0.00044404838,0.2725712,0.72698474
BS10 6TH,51.509605,-2.62099,10,360,0.00092450535,0.4912006,0.5078749
BS10 6TH,51.509605,-2.62099,11,324,0.0002826987,0.5318453,0.46787202
BS10 6TH,51.509605,-2.62099,12,279,8.474023e-06,0.0014002062,0.99859124
BS10 6TH,51.509605,-2.62099,1,254,2.53958e-05,0.0050161364,0.99495846
BS10 6TH,51.509605,-2.62099,2,235,0.00027095227,0.714205,0.285524
BS10 6TH,51.509605,-2.62099,3,361,0.00070956384,0.17845792,0.82083255
BS10 6TJ,51.509605,-2.62099,3,336,0.00043382493,0.47529405,0.5242721
BS10 6TJ,51.509605,-2.62099,4,314,0.012494346,0.14294563,0.8445601
BS10 6TJ,51.509605,-2.62099,5,363,0.028501257,0.36980656,0.60169214
BS10 6TJ,51.509605,-2.62099,6,363,0.0004371824,0.14186764,0.85769516
BS10 6TJ,51.509605,-2.62099,7,374,0.0004113777,0.04854732,0.9510412
BS10 6TJ,51.509605,-2.62099,8,400,0.001794439,0.7833391,0.21486652
BS10 6TJ,51.509605,-2.62099,9,387,0.00049801747,0.36186114,0.63764083
BS10 6TJ,51.509605,-2.62099,10,358,0.00096283335,0.3865428,0.6124944
BS10 6TJ,51.509605,-2.62099,11,319,0.00014177157,0.8386377,0.16122046
BS10 6TJ,51.509605,-2.62099,12,288,6.920498e-06,0.0007819078,0.9992112
BS10 6TJ,51.509605,-2.62099,1,260,0.00019295768,0.008922596,0.9908845
BS10 6TJ,51.509605,-2.62099,2,237,0.00027095227,0.714205,0.285524
BS10 6TJ,51.509605,-2.62099,3,364,0.0009182426,0.26403,0.73505175
BS10 6TL,51.509605,-2.62099,3,363,0.00069679075,0.56801975,0.4312834
BS10 6TL,51.509605,-2.62099,4,333,0.015735652,0.19366974,0.7905946
BS10 6TL,51.509605,-2.62099,5,370,0.015947813,0.59441304,0.3896391
BS10 6TL,51.509605,-2.62099,6,379,0.0002554549,0.25023636,0.7495082
BS10 6TL,51.509605,-2.62099,7,399,0.0030628354,0.53860945,0.45832774
BS10 6TL,51.509605,-2.62099,8,415,0.009555775,0.07287325,0.91757095
BS10 6TL,51.509605,-2.62099,9,413,0.0041740667,0.08118326,0.9146427
BS10 6TL,51.509605,-2.62099,10,376,0.0008199575,0.16885021,0.83032984
BS10 6TL,51.509605,-2.62099,11,336,0.00031618384,0.71100104,0.28868276
BS10 6TL,51.509605,-2.62099,12,301,7.873048e-06,0.0028924518,0.99709976
BS10 6TL,51.509605,-2.62099,1,269,0.00019635244,0.0921341,0.9076696
BS10 6TL,51.509605,-2.62099,2,237,0.00027095227,0.714205,0.285524
BS10 6TL,51.509605,-2.62099,3,379,0.00077480084,0.30982497,0.6894002
BS10 6TS,51.509605,-2.62099,3,360,0.00070956384,0.17845792,0.82083255
BS10 6TS,51.509605,-2.62099,4,334,0.015735652,0.19366974,0.7905946
BS10 6TS,51.509605,-2.62099,5,372,0.023405513,0.17037836,0.8062161
BS10 6TS,51.509605,-2.62099,6,379,0.0002554549,0.25023636,0.7495082
BS10 6TS,51.509605,-2.62099,7,403,0.0036275447,0.41609174,0.5802807
BS10 6TS,51.509605,-2.62099,8,419,0.0052359467,0.070415884,0.9243481
BS10 6TS,51.509605,-2.62099,9,410,0.010291335,0.15412416,0.83558446
BS10 6TS,51.509605,-2.62099,10,377,0.0008199575,0.16885021,0.83032984
BS10 6TS,51.509605,-2.62099,11,336,0.00031618384,0.71100104,0.28868276
BS10 6TS,51.509605,-2.62099,12,303,7.873048e-06,0.0028924518,0.99709976
BS10 6TS,51.509605,-2.62099,1,271,0.00019540626,0.09650887,0.90329576
BS10 6TS,51.509605,-2.62099,2,242,0.00031623198,0.41249752,0.5871863
BS10 6TS,51.509605,-2.62099,3,382,0.00077480084,0.30982497,0.6894002
BS11 0AH,51.496651,-2.671002,3,174,6.985646e-05,0.08070101,0.9192291
BS11 0AH,51.496651,-2.671002,4,202,0.00047145155,0.038119555,0.96140903
BS11 0AH,51.496651,-2.671002,5,266,0.95532495,0.0061489474,0.038526084
BS11 0AH,51.496651,-2.671002,6,263,0.0046568196,0.0067480714,0.98859507
BS11 0AH,51.496651,-2.671002,7,179,0.0007794014,0.10155389,0.8976667
BS11 0AH,51.496651,-2.671002,8,179,0.0014145849,0.18750505,0.8110804
BS11 0AH,51.496651,-2.671002,9,218,0.000288848,0.020592358,0.97911876
BS11 0AH,51.496651,-2.671002,10,156,0.00117135,0.029486693,0.969342
BS11 0AH,51.496651,-2.671002,11,190,0.9959519,0.0011120765,0.0029359853
BS11 0AH,51.496651,-2.671002,12,170,0.004885572,0.9229689,0.07214554
BS11 0AH,51.496651,-2.671002,1,188,1.0145571e-05,0.0011699754,0.9988199
BS11 0AH,51.496651,-2.671002,2,194,4.438212e-05,0.008607138,0.99134845
BS11 0AH,51.496651,-2.671002,3,170,0.00012548291,0.6078911,0.39198345
BS11 0EU,51.496651,-2.671002,3,174,6.985646e-05,0.08070101,0.9192291
BS11 0EU,51.496651,-2.671002,4,196,0.00061039394,0.03389705,0.9654926
BS11 0EU,51.496651,-2.671002,5,263,0.9340087,0.0036339425,0.06235732
BS11 0EU,51.496651,-2.671002,6,262,0.0031646846,0.0045325835,0.9923028
BS11 0EU,51.496651,-2.671002,7,177,0.0007794014,0.10155389,0.8976667
BS11 0EU,51.496651,-2.671002,8,171,0.0006640466,0.018504165,0.9808318
BS11 0EU,51.496651,-2.671002,9,221,0.0005488754,0.043227658,0.9562235
BS11 0EU,51.496651,-2.671002,10,158,0.0011798922,0.022409039,0.97641104
BS11 0EU,51.496651,-2.671002,11,196,0.00638443,0.012631833,0.9809838
BS11 0EU,51.496651,-2.671002,12,165,0.0026436804,0.18070363,0.81665266
BS11 0EU,51.496651,-2.671002,1,187,1.0145571e-05,0.0011699754,0.9988199
BS11 0EU,51.496651,-2.671002,2,194,4.438212e-05,0.008607138,0.99134845
BS11 0EU,51.496651,-2.671002,3,175,0.00016044038,0.5852438,0.41459575
BS11 0EX,51.496651,-2.671002,3,175,0.00016044038,0.5852438,0.41459575
BS11 0EX,51.496651,-2.671002,4,196,0.00061039394,0.03389705,0.9654926
BS11 0EX,51.496651,-2.671002,5,263,0.9340087,0.0036339425,0.06235732
BS11 0EX,51.496651,-2.671002,6,262,0.0031646846,0.0045325835,0.9923028
BS11 0EX,51.496651,-2.671002,7,178,0.0007794014,0.10155389,0.8976667
BS11 0EX,51.496651,-2.671002,8,172,0.0006640466,0.018504165,0.9808318
BS11 0EX,51.496651,-2.671002,9,221,0.0005488754,0.043227658,0.9562235
BS11 0EX,51.496651,-2.671002,10,158,0.0011798922,0.022409039,0.97641104
BS11 0EX,51.496651,-2.671002,11,197,0.008928294,0.023704963,0.96736676
BS11 0EX,51.496651,-2.671002,12,166,0.0034586927,0.28053316,0.7160081
BS11 0EX,51.496651,-2.671002,1,187,1.0145571e-05,0.0011699754,0.9988199
BS11 0EX,51.496651,-2.671002,2,195,5.084426e-05,0.0077366307,0.9922125
BS11 0EX,51.496651,-2.671002,3,180,0.0002459162,0.23147546,0.76827866
BS11 0EY,51.496651,-2.671002,3,169,0.00012764995,0.58153975,0.4183326
BS11 0EY,51.496651,-2.671002,4,196,0.00061039394,0.03389705,0.9654926
BS11 0EY,51.496651,-2.671002,5,259,0.9043789,0.0040470995,0.091574
BS11 0EY,51.496651,-2.671002,6,254,0.00027135073,0.002775988,0.99695265
BS11 0EY,51.496651,-2.671002,7,183,0.010280269,0.028300034,0.9614197
BS11 0EY,51.496651,-2.671002,8,171,0.0006640466,0.018504165,0.9808318
BS11 0EY,51.496651,-2.671002,9,215,0.000288848,0.020592358,0.97911876
BS11 0EY,51.496651,-2.671002,10,164,0.0011318049,0.014629933,0.9842383
BS11 0EY,51.496651,-2.671002,11,196,0.00638443,0.012631833,0.9809838
BS11 0EY,51.496651,-2.671002,12,159,0.0008134582,0.068132184,0.93105435
BS11 0EY,51.496651,-2.671002,1,182,2.1211767e-05,0.016601458,0.98337734
BS11 0EY,51.496651,-2.671002,2,190,0.0004636886,0.14847833,0.851058
BS11 0EY,51.496651,-2.671002,3,180,0.0002459162,0.23147546,0.76827866
BS11 0EZ,51.496651,-2.671002,3,174,6.985646e-05,0.08070101,0.9192291
BS11 0EZ,51.496651,-2.671002,4,199,0.0010021918,0.08648483,0.912513
BS11 0EZ,51.496651,-2.671002,5,264,0.98187447,0.0048088795,0.013316629
BS11 0EZ,51.496651,-2.671002,6,258,0.00027135073,0.002775988,0.99695265
BS11 0EZ,51.496651,-2.671002,7,185,0.003206585,0.10753686,0.8892566
BS11 0EZ,51.496651,-2.671002,8,177,0.0014145849,0.18750505,0.8110804
BS11 0EZ,51.496651,-2.671002,9,222,0.0005488754,0.043227658,0.9562235
BS11 0EZ,51.496651,-2.671002,10,169,0.0020635824,0.041322414,0.9566141
BS11 0EZ,51.496651,-2.671002,11,204,0.0032096442,0.0104039395,0.9863864
BS11 0EZ,51.496651,-2.671002,12,162,0.005076832,0.8321424,0.16278079
BS11 0EZ,51.496651,-2.671002,1,183,1.7664104e-05,0.0061758356,0.9938065
BS11 0EZ,51.496651,-2.671002,2,181,8.1317376e-05,0.16316697,0.83675176
BS11 0EZ,51.496651,-2.671002,3,188,0.0001900079,0.42621988,0.5735901
BS11 0HA,51.496651,-2.671002,3,173,6.985646e-05,0.08070101,0.9192291
BS11 0HA,51.496651,-2.671002,4,196,0.00061039394,0.03389705,0.9654926
BS11 0HA,51.496651,-2.671002,5,266,0.95532495,0.0061489474,0.038526084
BS11 0HA,51.496651,-2.671002,6,271,0.00014156726,0.016683836,0.9831746
BS11 0HA,51.496651,-2.671002,7,188,0.0055229277,0.03656441,0.9579127
BS11 0HA,51.496651,-2.671002,8,187,0.013123137,0.078697234,0.9081796
BS11 0HA,51.496651,-2.671002,9,215,0.000288848,0.020592358,0.97911876
BS11 0HA,51.496651,-2.671002,10,174,0.00054258027,0.035911515,0.963546
BS11 0HA,51.496651,-2.671002,11,205,0.0032096442,0.0104039395,0.9863864
BS11 0HA,51.496651,-2.671002,12,176,0.00028144722,0.004351176,0.9953674
BS11 0HA,51.496651,-2.671002,1,190,8.615987e-05,0.013158476,0.98675543
BS11 0HA,51.496651,-2.671002,2,187,4.8582206e-05,0.015092842,0.98485863
BS11 0HA,51.496651,-2.671002,3,198,6.513046e-05,0.13367878,0.86625606
BS11 0HD,51.496651,-2.671002,3,168,8.53379e-05,0.87882656,0.121088035
BS11 0HD,51.496651,-2.671002,4,196,0.00061039394,0.03389705,0.9654926
BS11 0HD,51.496651,-2.671002,5,265,0.95532495,0.0061489474,0.038526084
BS11 0HD,51.496651,-2.671002,6,264,0.041211095,0.08091129,0.87787765
BS11 0HD,51.496651,-2.671002,7,186,0.03137104,0.08900234,0.87962663
BS11 0HD,51.496651,-2.671002,8,182,0.0018123074,0.16544478,0.83274287
BS11 0HD,51.496651,-2.671002,9,213,0.000288848,0.020592358,0.97911876
BS11 0HD,51.496651,-2.671002,10,169,0.0020635824,0.041322414,0.9566141
BS11 0HD,51.496651,-2.671002,11,200,0.007898408,0.029860478,0.9622411
BS11 0HD,51.496651,-2.671002,12,165,0.0026436804,0.18070363,0.81665266
BS11 0HD,51.496651,-2.671002,1,179,2.9671353e-05,0.047625743,0.95234454
BS11 0HD,51.496651,-2.671002,2,180,5.056085e-05,0.013341888,0.98660755
BS11 0HD,51.496651,-2.671002,3,188,0.0001900079,0.42621988,0.5735901
BS11 0JY,51.496651,-2.671002,3,173,6.985646e-05,0.08070101,0.9192291
BS11 0JY,51.496651,-2.671002,4,195,0.003225004,0.11434824,0.88242674
BS11 0JY,51.496651,-2.671002,5,264,0.98187447,0.0048088795,0.013316629
BS11 0JY,51.496651,-2.671002,6,261,0.0028030742,0.0046718726,0.992525
BS11 0JY,51.496651,-2.671002,7,174,0.00014579776,0.0031893987,0.9966648
BS11 0JY,51.496651,-2.671002,8,173,0.00017600671,0.003916841,0.9959072
BS11 0JY,51.496651,-2.671002,9,218,0.000288848,0.020592358,0.97911876
BS11 0JY,51.496651,-2.671002,10,154,0.00117135,0.029486693,0.969342
BS11 0JY,51.496651,-2.671002,11,190,0.9959519,0.0011120765,0.0029359853
BS11 0JY,51.496651,-2.671002,12,167,0.0034586927,0.28053316,0.7160081
BS11 0JY,51.496651,-2.671002,1,186,5.1881972e-05,0.0030952161,0.99685293
BS11 0JY,51.496651,-2.671002,2,193,1.02040185e-05,0.005268555,0.9947213
BS11 0JY,51.496651,-2.671002,3,170,0.00012548291,0.6078911,0.39198345
BS11 0LG,51.496651,-2.671002,3,173,6.985646e-05,0.08070101,0.9192291
BS11 0LG,51.496651,-2.671002,4,196,0.00061039394,0.03389705,0.9654926
BS11 0LG,51.496651,-2.671002,5,263,0.9340087,0.0036339425,0.06235732
BS11 0LG,51.496651,-2.671002,6,261,0.0028030742,0.0046718726,0.992525
BS11 0LG,51.496651,-2.671002,7,176,0.00047071016,0.022024933,0.9775044
BS11 0LG,51.496651,-2.671002,8,173,0.00017600671,0.003916841,0.9959072
BS11 0LG,51.496651,-2.671002,9,218,0.000288848,0.020592358,0.97911876
BS11 0LG,51.496651,-2.671002,10,153,0.0019161939,0.14925973,0.848824
BS11 0LG,51.496651,-2.671002,11,190,0.9959519,0.0011120765,0.0029359853
BS11 0LG,51.496651,-2.671002,12,170,0.004885572,0.9229689,0.07214554
BS11 0LG,51.496651,-2.671002,1,184,1.8660554e-05,0.005953029,0.99402833
BS11 0LG,51.496651,-2.671002,2,194,4.438212e-05,0.008607138,0.99134845
BS11 0LG,51.496651,-2.671002,3,169,0.00012764995,0.58153975,0.4183326
BS11 0LQ,51.496651,-2.671002,3,173,6.985646e-05,0.08070101,0.9192291
BS11 0LQ,51.496651,-2.671002,4,195,0.003225004,0.11434824,0.88242674
BS11 0LQ,51.496651,-2.671002,5,264,0.98187447,0.0048088795,0.013316629
BS11 0LQ,51.496651,-2.671002,6,261,0.0028030742,0.0046718726,0.992525
BS11 0LQ,51.496651,-2.671002,7,174,0.00014579776,0.0031893987,0.9966648
BS11 0LQ,51.496651,-2.671002,8,173,0.00017600671,0.003916841,0.9959072
BS11 0LQ,51.496651,-2.671002,9,218,0.000288848,0.020592358,0.97911876
BS11 0LQ,51.496651,-2.671002,10,155,0.00117135,0.029486693,0.969342
BS11 0LQ,51.496651,-2.671002,11,192,0.9947956,0.00061604945,0.004588363
BS11 0LQ,51.496651,-2.671002,12,168,0.002889301,0.2823083,0.7148024
BS11 0LQ,51.496651,-2.671002,1,186,5.1881972e-05,0.0030952161,0.99685293
BS11 0LQ,51.496651,-2.671002,2,193,1.02040185e-05,0.005268555,0.9947213
BS11 0LQ,51.496651,-2.671002,3,170,0.00012548291,0.6078911,0.39198345
BS13 7SJ,51.404206,-2.600124,3,454,0.00033948483,0.014568007,0.98509246
BS13 7SJ,51.404206,-2.600124,4,444,0.01612484,0.043632735,0.94024247
BS13 7SJ,51.404206,-2.600124,5,512,0.007129491,0.007129895,0.9857406
BS13 7SJ,51.404206,-2.600124,6,439,0.0014047984,0.052680645,0.94591457
BS13 7SJ,51.404206,-2.600124,7,537,0.0005409645,0.009945794,0.9895132
BS13 7SJ,51.404206,-2.600124,8,538,0.00054809236,0.014307946,0.98514396
BS13 7SJ,51.404206,-2.600124,9,511,0.0008649509,0.021113897,0.9780212
BS13 7SJ,51.404206,-2.600124,10,596,0.0003865347,0.98346967,0.016143827
BS13 7SJ,51.404206,-2.600124,11,383,5.9573387e-05,0.0022033602,0.99773705
BS13 7SJ,51.404206,-2.600124,12,454,1.3121089e-05,0.0006681505,0.9993187
BS13 7SJ,51.404206,-2.600124,1,404,0.0026987398,0.13799301,0.8593083
BS13 7SJ,51.404206,-2.600124,2,350,0.0010839921,0.02684751,0.9720685
BS13 7SJ,51.404206,-2.600124,3,387,0.0012822961,0.3880759,0.6106418
BS13 7SL,51.404206,-2.600124,3,470,0.00041248798,0.013815754,0.9857717
BS13 7SL,51.404206,-2.600124,4,445,0.01612484,0.043632735,0.94024247
BS13 7SL,51.404206,-2.600124,5,518,0.007129491,0.007129895,0.9857406
BS13 7SL,51.404206,-2.600124,6,443,0.0010376855,0.034087252,0.96487504
BS13 7SL,51.404206,-2.600124,7,542,0.0005373286,0.01660018,0.98286253
BS13 7SL,51.404206,-2.600124,8,544,0.00054618146,0.017744578,0.9817092
BS13 7SL,51.404206,-2.600124,9,520,0.0008649509,0.021113897,0.9780212
BS13 7SL,51.404206,-2.600124,10,597,0.0003865347,0.98346967,0.016143827
BS13 7SL,51.404206,-2.600124,11,384,5.9573387e-05,0.0022033602,0.99773705
BS13 7SL,51.404206,-2.600124,12,455,1.3121089e-05,0.0006681505,0.9993187
BS13 7SL,51.404206,-2.600124,1,400,0.001640403,0.04082809,0.9575315
BS13 7SL,51.404206,-2.600124,2,351,0.0010839921,0.02684751,0.9720685
BS13 7SL,51.404206,-2.600124,3,394,0.0076587875,0.30772594,0.68461525
BS13 9AJ,51.404206,-2.600124,3,517,0.00041248798,0.013815754,0.9857717
BS13 9AJ,51.404206,-2.600124,4,492,0.005038185,0.0059776115,0.9889843
BS13 9AJ,51.404206,-2.600124,5,549,0.0071495757,0.020237295,0.9726131
BS13 9AJ,51.404206,-2.600124,6,476,0.00036101628,0.004615644,0.99502337
BS13 9AJ,51.404206,-2.600124,7,602,0.0009833793,0.053488545,0.9455281
BS13 9AJ,51.404206,-2.600124,8,571,0.00069150754,0.029251624,0.97005683
BS13 9AJ,51.404206,-2.600124,9,559,0.00086050807,0.02614191,0.97299755
BS13 9AJ,51.404206,-2.600124,10,638,0.62358135,0.3432698,0.033148922
BS13 9AJ,51.404206,-2.600124,11,405,0.0012232591,0.007752393,0.9910244
BS13 9AJ,51.404206,-2.600124,12,494,2.077034e-06,5.3957538e-05,0.999944
BS13 9AJ,51.404206,-2.600124,1,448,0.00035252882,0.004165966,0.9954815
BS13 9AJ,51.404206,-2.600124,2,387,0.0024608313,0.18245468,0.81508446
BS13 9AJ,51.404206,-2.600124,3,441,0.00044129317,0.033591755,0.965967
BS13 9AL,51.404206,-2.600124,3,495,0.00041248798,0.013815754,0.9857717
BS13 9AL,51.404206,-2.600124,4,470,0.005038185,0.0059776115,0.9889843
BS13 9AL,51.404206,-2.600124,5,537,0.007129491,0.007129895,0.9857406
BS13 9AL,51.404206,-2.600124,6,467,0.00036101628,0.004615644,0.99502337
BS13 9AL,51.404206,-2.600124,7,577,0.0010608219,0.06834869,0.9305905
BS13 9AL,51.404206,-2.600124,8,554,0.00054618146,0.017744578,0.9817092
BS13 9AL,51.404206,-2.600124,9,531,0.0008649509,0.021113897,0.9780212
BS13 9AL,51.404206,-2.600124,10,620,0.013382969,0.9716955,0.014921619
BS13 9AL,51.404206,-2.600124,11,392,8.0564714e-05,0.0022770637,0.99764234
BS13 9AL,51.404206,-2.600124,12,473,2.077034e-06,5.3957538e-05,0.999944
BS13 9AL,51.404206,-2.600124,1,433,0.00052635773,0.009025915,0.99044776
BS13 9AL,51.404206,-2.600124,2,368,0.001832833,0.102463454,0.8957037
BS13 9AL,51.404206,-2.600124,3,417,0.0013332233,0.034534723,0.964132
BS13 9AN,51.404206,-2.600124,3,460,0.00033948483,0.014568007,0.98509246
BS13 9AN,51.404206,-2.600124,4,445,0.01612484,0.043632735,0.94024247
BS13 9AN,51.404206,-2.600124,5,506,0.007129491,0.007129895,0.9857406
BS13 9AN,51.404206,-2.600124,6,446,0.0010376855,0.034087252,0.96487504
BS13 9AN,51.404206,-2.600124,7,532,0.0005409645,0.009945794,0.9895132
BS13 9AN,51.404206,-2.600124,8,535,0.00054809236,0.014307946,0.98514396
BS13 9AN,51.404206,-2.600124,9,502,0.0008649509,0.021113897,0.9780212
BS13 9AN,51.404206,-2.600124,10,592,0.0003865347,0.98346967,0.016143827
BS13 9AN,51.404206,-2.600124,11,373,8.380897e-05,0.0022546651,0.9976615
BS13 9AN,51.404206,-2.600124,12,445,1.3121089e-05,0.0006681505,0.9993187
BS13 9AN,51.404206,-2.600124,1,401,0.0013769998,0.030264212,0.96835876
BS13 9AN,51.404206,-2.600124,2,351,0.0010839921,0.02684751,0.9720685
BS13 9AN,51.404206,-2.600124,3,390,0.00051900395,0.15125154,0.8482294
BS13 9JL,51.404206,-2.600124,3,550,0.00040868935,0.039481636,0.9601097
BS13 9JL,51.404206,-2.600124,4,508,0.005038185,0.0059776115,0.9889843
BS13 9JL,51.404206,-2.600124,5,568,0.0099801505,0.05453273,0.9354871
BS13 9JL,51.404206,-2.600124,6,501,0.00036101628,0.004615644,0.99502337
BS13 9JL,51.404206,-2.600124,7,626,0.5808978,0.19336313,0.22573905
BS13 9JL,51.404206,-2.600124,8,600,0.0011732281,0.05604081,0.942786
BS13 9JL,51.404206,-2.600124,9,581,0.0046981624,0.31305674,0.68224514
BS13 9JL,51.404206,-2.600124,10,659,0.0022721633,0.9891388,0.00858912
BS13 9JL,51.404206,-2.600124,11,424,0.00036274127,0.0036903564,0.99594694
BS13 9JL,51.404206,-2.600124,12,507,2.077034e-06,5.3957538e-05,0.999944
BS13 9JL,51.404206,-2.600124,1,455,0.00035252882,0.004165966,0.9954815
BS13 9JL,51.404206,-2.600124,2,401,0.019062992,0.06701292,0.91392416
BS13 9JL,51.404206,-2.600124,3,463,0.00033948483,0.014568007,0.98509246
BS13 9JN,51.404206,-2.600124,3,537,0.00041248798,0.013815754,0.9857717
BS13 9JN,51.404206,-2.600124,4,496,0.005038185,0.0059776115,0.9889843
BS13 9JN,51.404206,-2.600124,5,557,0.0071495757,0.020237295,0.9726131
BS13 9JN,51.404206,-2.600124,6,486,0.00036101628,0.004615644,0.99502337
BS13 9JN,51.404206,-2.600124,7,608,0.06386517,0.0419834,0.89415145
BS13 9JN,51.404206,-2.600124,8,581,0.003543802,0.2651871,0.73126906
BS13 9JN,51.404206,-2.600124,9,566,0.0010307569,0.038825884,0.9601433
BS13 9JN,51.404206,-2.600124,10,643,0.5478485,0.41508272,0.037068736
BS13 9JN,51.404206,-2.600124,11,406,0.0010123403,0.0070268274,0.9919608
BS13 9JN,51.404206,-2.600124,12,497,2.077034e-06,5.3957538e-05,0.999944
BS13 9JN,51.404206,-2.600124,1,447,0.00035185248,0.0060765734,0.99357164
BS13 9JN,51.404206,-2.600124,2,388,0.0024608313,0.18245468,0.81508446
BS13 9JN,51.404206,-2.600124,3,450,0.00033948483,0.014568007,0.98509246
BS13 9JW,51.404206,-2.600124,3,536,0.00041248798,0.013815754,0.9857717
BS13 9JW,51.404206,-2.600124,4,491,0.005038185,0.0059776115,0.9889843
BS13 9JW,51.404206,-2.600124,5,543,0.0071495757,0.020237295,0.9726131
BS13 9JW,51.404206,-2.600124,6,479,0.00036101628,0.004615644,0.99502337
BS13 9JW,51.404206,-2.600124,7,614,0.43102252,0.05591465,0.51306283
BS13 9JW,51.404206,-2.600124,8,577,0.0009837836,0.05200114,0.94701505
BS13 9JW,51.404206,-2.600124,9,568,0.0010307569,0.038825884,0.9601433
BS13 9JW,51.404206,-2.600124,10,634,0.023900596,0.95134974,0.024749706
BS13 9JW,51.404206,-2.600124,11,402,0.0005885987,0.017157992,0.9822534
BS13 9JW,51.404206,-2.600124,12,498,2.077034e-06,5.3957538e-05,0.999944
BS13 9JW,51.404206,-2.600124,1,448,0.00035252882,0.004165966,0.9954815
BS13 9JW,51.404206,-2.600124,2,375,0.0010420749,0.029034896,0.969923
BS13 9JW,51.404206,-2.600124,3,441,0.00044129317,0.033591755,0.965967
BS13 9RA,51.404206,-2.600124,3,550,0.00040868935,0.039481636,0.9601097
BS13 9RA,51.404206,-2.600124,4,509,0.005038185,0.0059776115,0.9889843
BS13 9RA,51.404206,-2.600124,5,565,0.0099801505,0.05453273,0.9354871
BS13 9RA,51.404206,-2.600124,6,504,0.00036101628,0.004615644,0.99502337
BS13 9RA,51.404206,-2.600124,7,629,0.6083829,0.14708464,0.2445325
BS13 9RA,51.404206,-2.600124,8,606,0.041996796,0.0450426,0.9129606
BS13 9RA,51.404206,-2.600124,9,581,0.0046981624,0.31305674,0.68224514
BS13 9RA,51.404206,-2.600124,10,659,0.0022721633,0.9891388,0.00858912
BS13 9RA,51.404206,-2.600124,11,425,0.0004738663,0.0038303493,0.9956958
BS13 9RA,51.404206,-2.600124,12,510,2.077034e-06,5.3957538e-05,0.999944
BS13 9RA,51.404206,-2.600124,1,460,0.00035252882,0.004165966,0.9954815
BS13 9RA,51.404206,-2.600124,2,404,0.032377526,0.26479614,0.7028264
BS13 9RA,51.404206,-2.600124,3,464,0.00033948483,0.014568007,0.98509246
BS13 9RB,51.404206,-2.600124,3,559,0.00040868935,0.039481636,0.9601097
BS13 9RB,51.404206,-2.600124,4,524,0.005038185,0.0059776115,0.9889843
BS13 9RB,51.404206,-2.600124,5,571,0.0099801505,0.05453273,0.9354871
BS13 9RB,51.404206,-2.600124,6,516,0.00036101628,0.004615644,0.99502337
BS13 9RB,51.404206,-2.600124,7,642,0.5635681,0.08639972,0.35003218
BS13 9RB,51.404206,-2.600124,8,611,0.041996796,0.0450426,0.9129606
BS13 9RB,51.404206,-2.600124,9,596,0.005050547,0.481456,0.5134935
BS13 9RB,51.404206,-2.600124,10,671,0.063475356,0.09934779,0.8371769
BS13 9RB,51.404206,-2.600124,11,431,0.00018130292,0.0038314704,0.99598724
BS13 9RB,51.404206,-2.600124,12,514,2.077034e-06,5.3957538e-05,0.999944
BS13 9RB,51.404206,-2.600124,1,457,0.00035252882,0.004165966,0.9954815
BS13 9RB,51.404206,-2.600124,2,402,0.019062992,0.06701292,0.91392416
BS13 9RB,51.404206,-2.600124,3,469,0.00041248798,0.013815754,0.9857717
BS14 9JT,51.412306,-2.547072,3,230,8.573622e-05,0.31506178,0.68485254
BS14 9JT,51.412306,-2.547072,4,205,0.00016364292,0.00874075,0.99109554
BS14 9JT,51.412306,-2.547072,5,270,0.0040062694,0.062092673,0.933901
BS14 9JT,51.412306,-2.547072,6,248,0.00027135073,0.002775988,0.99695265
BS14 9JT,51.412306,-2.547072,7,289,0.00014843576,0.72675884,0.27309272
BS14 9JT,51.412306,-2.547072,8,225,0.0008993635,0.099482656,0.8996179
BS14 9JT,51.412306,-2.547072,9,237,0.0003493938,0.0221216,0.9775289
BS14 9JT,51.412306,-2.547072,10,314,0.00020683062,0.84493595,0.15485714
BS14 9JT,51.412306,-2.547072,11,269,0.000122126,0.0038897789,0.9959881
BS14 9JT,51.412306,-2.547072,12,203,0.000100715115,0.00032074237,0.99957854
BS14 9JT,51.412306,-2.547072,1,208,3.4185564e-06,0.00040265155,0.9995939
BS14 9JT,51.412306,-2.547072,2,213,1.5155403e-05,0.0056210547,0.9943638
BS14 9JT,51.412306,-2.547072,3,263,0.00054274075,0.040808517,0.95864874
BS14 9JX,51.412306,-2.547072,3,214,5.104858e-06,0.0047917487,0.99520314
BS14 9JX,51.412306,-2.547072,4,181,0.00074116216,0.8091122,0.19014663
BS14 9JX,51.412306,-2.547072,5,244,0.0021235575,0.017469192,0.9804073
BS14 9JX,51.412306,-2.547072,6,228,0.0017630076,0.13791032,0.86032665
BS14 9JX,51.412306,-2.547072,7,271,0.00019150041,0.054540806,0.9452677
BS14 9JX,51.412306,-2.547072,8,208,0.0014571751,0.29504815,0.7034947
BS14 9JX,51.412306,-2.547072,9,219,0.000288848,0.020592358,0.97911876
BS14 9JX,51.412306,-2.547072,10,289,0.000106012376,0.950744,0.049149998
BS14 9JX,51.412306,-2.547072,11,248,0.0004959709,0.00049134734,0.9990127
BS14 9JX,51.412306,-2.547072,12,188,0.048261113,0.0030487843,0.94869006
BS14 9JX,51.412306,-2.547072,1,194,9.8375585e-06,0.00072081306,0.9992693
BS14 9JX,51.412306,-2.547072,2,185,4.1225605e-05,0.056515656,0.9434432
BS14 9JX,51.412306,-2.547072,3,240,9.1509435e-05,0.19019963,0.80970883
BS14 9JZ,51.412306,-2.547072,3,218,5.104858e-06,0.0047917487,0.99520314
BS14 9JZ,51.412306,-2.547072,4,205,0.00016364292,0.00874075,0.99109554
BS14 9JZ,51.412306,-2.547072,5,258,0.0021235575,0.017469192,0.9804073
BS14 9JZ,51.412306,-2.547072,6,242,0.0011068812,0.043792702,0.9551004
BS14 9JZ,51.412306,-2.547072,7,284,0.00019287616,0.6391929,0.36061424
BS14 9JZ,51.412306,-2.547072,8,222,0.0007406539,0.07645782,0.9228015
BS14 9JZ,51.412306,-2.547072,9,231,0.0003511639,0.01716749,0.9824813
BS14 9JZ,51.412306,-2.547072,10,296,7.826235e-05,0.9557589,0.044162855
BS14 9JZ,51.412306,-2.547072,11,262,0.0015478969,0.0008653741,0.9975867
BS14 9JZ,51.412306,-2.547072,12,194,0.12402978,0.0005213342,0.8754489
BS14 9JZ,51.412306,-2.547072,1,202,5.5662026e-06,0.00079393614,0.9992005
BS14 9JZ,51.412306,-2.547072,2,199,2.1977947e-05,0.0122365905,0.98774135
BS14 9JZ,51.412306,-2.547072,3,262,0.00037255292,0.02768672,0.97194076
BS14 9LT,51.412306,-2.547072,3,221,6.6492765e-05,0.24027964,0.7596538
BS14 9LT,51.412306,-2.547072,4,198,0.0010021918,0.08648483,0.912513
BS14 9LT,51.412306,-2.547072,5,260,0.9043789,0.0040470995,0.091574
BS14 9LT,51.412306,-2.547072,6,246,0.00027135073,0.002775988,0.99695265
BS14 9LT,51.412306,-2.547072,7,276,0.00026295427,0.37301514,0.6267219
BS14 9LT,51.412306,-2.547072,8,223,0.0007406539,0.07645782,0.9228015
BS14 9LT,51.412306,-2.547072,9,233,0.0003493938,0.0221216,0.9775289
BS14 9LT,51.412306,-2.547072,10,281,0.00042312517,0.7965295,0.20304742
BS14 9LT,51.412306,-2.547072,11,254,0.0004959709,0.00049134734,0.9990127
BS14 9LT,51.412306,-2.547072,12,193,0.04748409,0.0002661147,0.95224977
BS14 9LT,51.412306,-2.547072,1,201,5.5662026e-06,0.00079393614,0.9992005
BS14 9LT,51.412306,-2.547072,2,198,2.1977947e-05,0.0122365905,0.98774135
BS14 9LT,51.412306,-2.547072,3,249,3.3789143e-05,0.017192991,0.9827732
BS14 9NA,51.412306,-2.547072,3,209,7.2023668e-06,0.008380465,0.9916123
BS14 9NA,51.412306,-2.547072,4,185,0.0010374674,0.7494855,0.24947701
BS14 9NA,51.412306,-2.547072,5,243,0.0021235575,0.017469192,0.9804073
BS14 9NA,51.412306,-2.547072,6,229,0.0017630076,0.13791032,0.86032665
BS14 9NA,51.412306,-2.547072,7,272,0.00019150041,0.054540806,0.9452677
BS14 9NA,51.412306,-2.547072,8,211,0.0014571751,0.29504815,0.7034947
BS14 9NA,51.412306,-2.547072,9,219,0.000288848,0.020592358,0.97911876
BS14 9NA,51.412306,-2.547072,10,286,0.00029404252,0.82595897,0.17374693
BS14 9NA,51.412306,-2.547072,11,251,0.0004959709,0.00049134734,0.9990127
BS14 9NA,51.412306,-2.547072,12,191,0.5667819,0.00092730415,0.43229082
BS14 9NA,51.412306,-2.547072,1,197,4.00682e-06,0.00039601052,0.9996
BS14 9NA,51.412306,-2.547072,2,193,1.02040185e-05,0.005268555,0.9947213
BS14 9NA,51.412306,-2.547072,3,245,3.3789143e-05,0.017192991,0.9827732
BS14 9NB,51.412306,-2.547072,3,239,9.1509435e-05,0.19019963,0.80970883
BS14 9NB,51.412306,-2.547072,4,224,0.0018541653,0.4844077,0.51373816
BS14 9NB,51.412306,-2.547072,5,281,0.004473614,0.19613907,0.7993873
BS14 9NB,51.412306,-2.547072,6,258,0.00027135073,0.002775988,0.99695265
BS14 9NB,51.412306,-2.547072,7,306,0.00017618806,0.53509015,0.4647337
BS14 9NB,51.412306,-2.547072,8,238,0.00044111817,0.02910804,0.9704508
BS14 9NB,51.412306,-2.547072,9,254,0.00026387666,0.005305655,0.9944305
BS14 9NB,51.412306,-2.547072,10,316,0.00020802631,0.8498206,0.14997143
BS14 9NB,51.412306,-2.547072,11,274,0.000122126,0.0038897789,0.9959881
BS14 9NB,51.412306,-2.547072,12,213,3.20803e-05,7.0182374e-05,0.9998977
BS14 9NB,51.412306,-2.547072,1,214,3.658238e-06,0.00040830605,0.9995881
BS14 9NB,51.412306,-2.547072,2,219,1.5155403e-05,0.0056210547,0.9943638
BS14 9NB,51.412306,-2.547072,3,272,0.00023020647,0.1542262,0.84554356
BS14 9ND,51.412306,-2.547072,3,237,7.844292e-05,0.37332717,0.62659436
BS14 9ND,51.412306,-2.547072,4,219,7.470175e-05,0.002948166,0.9969771
BS14 9ND,51.412306,-2.547072,5,278,0.004473614,0.19613907,0.7993873
BS14 9ND,51.412306,-2.547072,6,256,0.00027135073,0.002775988,0.99695265
BS14 9ND,51.412306,-2.547072,7,300,0.00022250292,0.54489106,0.45488644
BS14 9ND,51.412306,-2.547072,8,230,0.00042407264,0.022472536,0.9771035
BS14 9ND,51.412306,-2.547072,9,243,0.00026387666,0.005305655,0.9944305
BS14 9ND,51.412306,-2.547072,10,312,0.00012056186,0.94094294,0.0589365
BS14 9ND,51.412306,-2.547072,11,272,0.000122126,0.0038897789,0.9959881
BS14 9ND,51.412306,-2.547072,12,207,6.4806205e-05,0.00021028511,0.9997249
BS14 9ND,51.412306,-2.547072,1,213,3.658238e-06,0.00040830605,0.9995881
BS14 9ND,51.412306,-2.547072,2,218,1.5155403e-05,0.0056210547,0.9943638
BS14 9ND,51.412306,-2.547072,3,270,0.00023020647,0.1542262,0.84554356
BS14 9NE,51.412306,-2.547072,3,232,8.573622e-05,0.31506178,0.68485254
BS14 9NE,51.412306,-2.547072,4,210,0.00010553895,0.0051631723,0.9947313
BS14 9NE,51.412306,-2.547072,5,263,0.9340087,0.0036339425,0.06235732
BS14 9NE,51.412306,-2.547072,6,251,0.00027135073,0.002775988,0.99695265
BS14 9NE,51.412306,-2.547072,7,284,0.00019287616,0.6391929,0.36061424
BS14 9NE,51.412306,-2.547072,8,227,0.0005447141,0.04130771,0.9581476
BS14 9NE,51.412306,-2.547072,9,242,0.0003658665,0.02227233,0.97736174
BS14 9NE,51.412306,-2.547072,10,289,0.000106012376,0.950744,0.049149998
BS14 9NE,51.412306,-2.547072,11,257,0.0004959709,0.00049134734,0.9990127
BS14 9NE,51.412306,-2.547072,12,203,0.000100715115,0.00032074237,0.99957854
BS14 9NE,51.412306,-2.547072,1,206,5.1006573e-06,0.00056336337,0.99943155
BS14 9NE,51.412306,-2.547072,2,200,2.5783806e-05,0.01435556,0.98561865
BS14 9NE,51.412306,-2.547072,3,257,3.3789143e-05,0.017192991,0.9827732
BS14 9NF,51.412306,-2.547072,3,232,8.573622e-05,0.31506178,0.68485254
BS14 9NF,51.412306,-2.547072,4,210,0.00010553895,0.0051631723,0.9947313
BS14 9NF,51.412306,-2.547072,5,263,0.9340087,0.0036339425,0.06235732
BS14 9NF,51.412306,-2.547072,6,251,0.00027135073,0.002775988,0.99695265
BS14 9NF,51.412306,-2.547072,7,285,0.00019287616,0.6391929,0.36061424
BS14 9NF,51.412306,-2.547072,8,228,0.0005447141,0.04130771,0.9581476
BS14 9NF,51.412306,-2.547072,9,244,0.00026387666,0.005305655,0.9944305
BS14 9NF,51.412306,-2.547072,10,295,7.826235e-05,0.9557589,0.044162855
BS14 9NF,51.412306,-2.547072,11,258,0.0004959709,0.00049134734,0.9990127
BS14 9NF,51.412306,-2.547072,12,209,6.4806205e-05,0.00021028511,0.9997249
BS14 9NF,51.412306,-2.547072,1,208,3.4185564e-06,0.00040265155,0.9995939
BS14 9NF,51.412306,-2.547072,2,204,2.3720842e-05,0.01022677,0.9897495
BS14 9NF,51.412306,-2.547072,3,259,0.00036533186,0.030288722,0.9693459
BS14 9NZ,51.412306,-2.547072,3,227,6.386031e-05,0.22563508,0.77430105
BS14 9NZ,51.412306,-2.547072,4,212,0.00010553895,0.0051631723,0.9947313
BS14 9NZ,51.412306,-2.547072,5,264,0.98187447,0.0048088795,0.013316629
BS14 9NZ,51.412306,-2.547072,6,252,0.00027135073,0.002775988,0.99695265
BS14 9NZ,51.412306,-2.547072,7,286,0.00020932432,0.56084305,0.43894762
BS14 9NZ,51.412306,-2.547072,8,228,0.0005447141,0.04130771,0.9581476
BS14 9NZ,51.412306,-2.547072,9,245,0.00026387666,0.005305655,0.9944305
BS14 9NZ,51.412306,-2.547072,10,296,7.826235e-05,0.9557589,0.044162855
BS14 9NZ,51.412306,-2.547072,11,264,0.02120424,0.013068015,0.9657278
BS14 9NZ,51.412306,-2.547072,12,205,8.160018e-05,0.00028455764,0.9996338
BS14 9NZ,51.412306,-2.547072,1,208,3.4185564e-06,0.00040265155,0.9995939
BS14 9NZ,51.412306,-2.547072,2,208,1.5942243e-05,0.0073296353,0.99265444
BS14 9NZ,51.412306,-2.547072,3,262,0.00037255292,0.02768672,0.97194076
BS15 8DX,51.462599,-2.50852,3,354,0.00045379475,0.08753366,0.9120125
BS15 8DX,51.462599,-2.50852,4,365,0.73724973,0.06538609,0.1973642
BS15 8DX,51.462599,-2.50852,5,371,0.023405513,0.17037836,0.8062161
BS15 8DX,51.462599,-2.50852,6,365,0.0003887208,0.33302376,0.66658753
BS15 8DX,51.462599,-2.50852,7,326,0.00022231428,0.07460567,0.92517203
BS15 8DX,51.462599,-2.50852,8,375,0.00028771523,0.036505055,0.9632072
BS15 8DX,51.462599,-2.50852,9,349,0.0007047964,0.09730414,0.90199107
BS15 8DX,51.462599,-2.50852,10,328,0.0006062871,0.43542647,0.5639672
BS15 8DX,51.462599,-2.50852,11,320,0.00029498406,0.42204785,0.5776571
BS15 8DX,51.462599,-2.50852,12,312,1.6998085e-05,0.022710456,0.9772726
BS15 8DX,51.462599,-2.50852,1,331,0.00021648391,0.34855607,0.6512275
BS15 8DX,51.462599,-2.50852,2,289,0.00055942393,0.10168047,0.89776015
BS15 8DX,51.462599,-2.50852,3,367,0.0008476228,0.38288668,0.6162657
BS15 8FJ,51.462599,-2.50852,3,337,0.00029637554,0.84426844,0.15543517
BS15 8FJ,51.462599,-2.50852,4,353,0.5753866,0.042344186,0.38226926
BS15 8FJ,51.462599,-2.50852,5,349,0.0367864,0.27424496,0.68896866
BS15 8FJ,51.462599,-2.50852,6,351,0.00047176774,0.2961621,0.70336616
BS15 8FJ,51.462599,-2.50852,7,320,0.00019895894,0.070970036,0.928831
BS15 8FJ,51.462599,-2.50852,8,365,0.00056349655,0.3576221,0.6418145
BS15 8FJ,51.462599,-2.50852,9,338,0.00092919316,0.64875877,0.350312
BS15 8FJ,51.462599,-2.50852,10,320,0.0005650568,0.31678364,0.6826513
BS15 8FJ,51.462599,-2.50852,11,314,0.00023782409,0.6854627,0.31429946
BS15 8FJ,51.462599,-2.50852,12,298,7.873048e-06,0.0028924518,0.99709976
BS15 8FJ,51.462599,-2.50852,1,316,0.0001109315,0.105564475,0.8943246
BS15 8FJ,51.462599,-2.50852,2,272,0.00048571522,0.5251709,0.4743434
BS15 8FJ,51.462599,-2.50852,3,342,0.00097165664,0.17065114,0.8283772
BS15 8ND,51.462599,-2.50852,3,358,0.0006823225,0.18868676,0.8106309
BS15 8ND,51.462599,-2.50852,4,375,0.10678755,0.03446879,0.8587436
BS15 8ND,51.462599,-2.50852,5,385,0.014100345,0.425781,0.5601187
BS15 8ND,51.462599,-2.50852,6,375,0.00026531258,0.030380275,0.9693544
BS15 8ND,51.462599,-2.50852,7,340,0.0008194347,0.42145064,0.57772994
BS15 8ND,51.462599,-2.50852,8,386,0.00041702468,0.29534814,0.70423484
BS15 8ND,51.462599,-2.50852,9,356,0.00067184237,0.30206537,0.69726276
BS15 8ND,51.462599,-2.50852,10,342,0.0014108449,0.57623357,0.42235562
BS15 8ND,51.462599,-2.50852,11,321,0.0002826987,0.5318453,0.46787202
BS15 8ND,51.462599,-2.50852,12,318,1.5936252e-05,0.025238197,0.9747458
BS15 8ND,51.462599,-2.50852,1,340,0.0006608233,0.72661084,0.2727283
BS15 8ND,51.462599,-2.50852,2,284,0.0004782553,0.08464645,0.9148753
BS15 8ND,51.462599,-2.50852,3,365,0.0009182426,0.26403,0.73505175
BS15 8NE,51.462599,-2.50852,3,347,0.0015083372,0.06332932,0.9351623
BS15 8NE,51.462599,-2.50852,4,368,0.16093512,0.3928528,0.44621205
BS15 8NE,51.462599,-2.50852,5,359,0.018388921,0.60189915,0.37971187
BS15 8NE,51.462599,-2.50852,6,361,0.00043867773,0.11833749,0.8812238
BS15 8NE,51.462599,-2.50852,7,329,0.00012741289,0.037265267,0.9626073
BS15 8NE,51.462599,-2.50852,8,383,0.0002858678,0.10269334,0.89702076
BS15 8NE,51.462599,-2.50852,9,351,0.0007047964,0.09730414,0.90199107
BS15 8NE,51.462599,-2.50852,10,330,0.00050719996,0.63380355,0.36568925
BS15 8NE,51.462599,-2.50852,11,310,0.00032720482,0.4210634,0.5786094
BS15 8NE,51.462599,-2.50852,12,305,7.873048e-06,0.0028924518,0.99709976
BS15 8NE,51.462599,-2.50852,1,328,0.00027958618,0.676993,0.32272738
BS15 8NE,51.462599,-2.50852,2,276,0.000772988,0.34069827,0.65852875
BS15 8NE,51.462599,-2.50852,3,359,0.0006823225,0.18868676,0.8106309
BS15 8NF,51.462599,-2.50852,3,345,0.0010118982,0.17771868,0.82126945
BS15 8NF,51.462599,-2.50852,4,361,0.744036,0.023248143,0.23271587
BS15 8NF,51.462599,-2.50852,5,359,0.018388921,0.60189915,0.37971187
BS15 8NF,51.462599,-2.50852,6,357,0.0004079531,0.15398389,0.8456082
BS15 8NF,51.462599,-2.50852,7,327,0.00012741289,0.037265267,0.9626073
BS15 8NF,51.462599,-2.50852,8,371,0.00037777057,0.044286717,0.9553355
BS15 8NF,51.462599,-2.50852,9,347,0.001396782,0.12944473,0.86915845
BS15 8NF,51.462599,-2.50852,10,321,0.0005684395,0.4190377,0.58039385
BS15 8NF,51.462599,-2.50852,11,306,0.0002636058,0.08442828,0.91530806
BS15 8NF,51.462599,-2.50852,12,309,1.0526601e-05,0.004689492,0.99529994
BS15 8NF,51.462599,-2.50852,1,326,0.00022667891,0.5488828,0.45089057
BS15 8NF,51.462599,-2.50852,2,281,0.000772988,0.34069827,0.65852875
BS15 8NF,51.462599,-2.50852,3,355,0.00045379475,0.08753366,0.9120125
BS15 8NN,51.462599,-2.50852,3,358,0.0006823225,0.18868676,0.8106309
BS15 8NN,51.462599,-2.50852,4,375,0.10678755,0.03446879,0.8587436
BS15 8NN,51.462599,-2.50852,5,386,0.012046003,0.81022614,0.17772785
BS15 8NN,51.462599,-2.50852,6,371,0.0003456728,0.04562724,0.95402706
BS15 8NN,51.462599,-2.50852,7,338,0.00085604866,0.22166304,0.77748096
BS15 8NN,51.462599,-2.50852,8,385,0.0002858678,0.10269334,0.89702076
BS15 8NN,51.462599,-2.50852,9,353,0.00041644284,0.39270827,0.6068753
BS15 8NN,51.462599,-2.50852,10,347,0.0017392738,0.09153316,0.90672755
BS15 8NN,51.462599,-2.50852,11,324,0.0002826987,0.5318453,0.46787202
BS15 8NN,51.462599,-2.50852,12,317,1.5936252e-05,0.025238197,0.9747458
BS15 8NN,51.462599,-2.50852,1,340,0.0006608233,0.72661084,0.2727283
BS15 8NN,51.462599,-2.50852,2,290,0.00056892424,0.08642499,0.9130061
BS15 8NN,51.462599,-2.50852,3,375,0.00049598166,0.15620567,0.8432983
BS15 8PT,51.462599,-2.50852,3,340,0.0010932545,0.23017721,0.7687295
BS15 8PT,51.462599,-2.50852,4,355,0.61891145,0.05813586,0.32295275
BS15 8PT,51.462599,-2.50852,5,349,0.0367864,0.27424496,0.68896866
BS15 8PT,51.462599,-2.50852,6,352,0.0003233664,0.32886547,0.6708112
BS15 8PT,51.462599,-2.50852,7,320,0.00019895894,0.070970036,0.928831
BS15 8PT,51.462599,-2.50852,8,365,0.00056349655,0.3576221,0.6418145
BS15 8PT,51.462599,-2.50852,9,339,0.00096696016,0.68695706,0.31207597
BS15 8PT,51.462599,-2.50852,10,320,0.0005650568,0.31678364,0.6826513
BS15 8PT,51.462599,-2.50852,11,315,0.00023782409,0.6854627,0.31429946
BS15 8PT,51.462599,-2.50852,12,296,8.107851e-06,0.002978715,0.9970132
BS15 8PT,51.462599,-2.50852,1,316,0.0001109315,0.105564475,0.8943246
BS15 8PT,51.462599,-2.50852,2,275,0.000772988,0.34069827,0.65852875
BS15 8PT,51.462599,-2.50852,3,345,0.0010118982,0.17771868,0.82126945
BS15 8PX,51.462599,-2.50852,3,337,0.00029637554,0.84426844,0.15543517
BS15 8PX,51.462599,-2.50852,4,354,0.61891145,0.05813586,0.32295275
BS15 8PX,51.462599,-2.50852,5,343,0.035040446,0.26141515,0.70354444
BS15 8PX,51.462599,-2.50852,6,355,0.00039380605,0.41252592,0.5870803
BS15 8PX,51.462599,-2.50852,7,320,0.00019895894,0.070970036,0.928831
BS15 8PX,51.462599,-2.50852,8,364,0.00056349655,0.3576221,0.6418145
BS15 8PX,51.462599,-2.50852,9,337,0.00041783613,0.673833,0.3257491
BS15 8PX,51.462599,-2.50852,10,316,0.00020802631,0.8498206,0.14997143
BS15 8PX,51.462599,-2.50852,11,310,0.00032720482,0.4210634,0.5786094
BS15 8PX,51.462599,-2.50852,12,293,5.488421e-06,0.0005310513,0.9994635
BS15 8PX,51.462599,-2.50852,1,313,0.00010559959,0.1485554,0.851339
BS15 8PX,51.462599,-2.50852,2,270,0.0004987947,0.5123846,0.4871166
BS15 8PX,51.462599,-2.50852,3,355,0.00045379475,0.08753366,0.9120125
BS15 8RB,51.462599,-2.50852,3,358,0.0006823225,0.18868676,0.8106309
BS15 8RB,51.462599,-2.50852,4,375,0.10678755,0.03446879,0.8587436
BS15 8RB,51.462599,-2.50852,5,384,0.014100345,0.425781,0.5601187
BS15 8RB,51.462599,-2.50852,6,371,0.0003456728,0.04562724,0.95402706
BS15 8RB,51.462599,-2.50852,7,336,0.00038849763,0.14988926,0.8497222
BS15 8RB,51.462599,-2.50852,8,383,0.0002858678,0.10269334,0.89702076
BS15 8RB,51.462599,-2.50852,9,353,0.00041644284,0.39270827,0.6068753
BS15 8RB,51.462599,-2.50852,10,346,0.0017392738,0.09153316,0.90672755
BS15 8RB,51.462599,-2.50852,11,324,0.0002826987,0.5318453,0.46787202
BS15 8RB,51.462599,-2.50852,12,317,1.5936252e-05,0.025238197,0.9747458
BS15 8RB,51.462599,-2.50852,1,340,0.0006608233,0.72661084,0.2727283
BS15 8RB,51.462599,-2.50852,2,290,0.00056892424,0.08642499,0.9130061
BS15 8RB,51.462599,-2.50852,3,375,0.00049598166,0.15620567,0.8432983
BS15 9AD,51.462599,-2.50852,3,339,0.0012452264,0.28029394,0.7184608
BS15 9AD,51.462599,-2.50852,4,350,0.70298356,0.020799424,0.27621698
BS15 9AD,51.462599,-2.50852,5,343,0.035040446,0.26141515,0.70354444
BS15 9AD,51.462599,-2.50852,6,351,0.00047176774,0.2961621,0.70336616
BS15 9AD,51.462599,-2.50852,7,320,0.00019895894,0.070970036,0.928831
BS15 9AD,51.462599,-2.50852,8,349,0.0005484848,0.12030798,0.87914354
BS15 9AD,51.462599,-2.50852,9,334,0.00026550185,0.50622946,0.49350506
BS15 9AD,51.462599,-2.50852,10,317,0.00021077156,0.8639981,0.13579114
BS15 9AD,51.462599,-2.50852,11,310,0.00032720482,0.4210634,0.5786094
BS15 9AD,51.462599,-2.50852,12,291,5.488421e-06,0.0005310513,0.9994635
BS15 9AD,51.462599,-2.50852,1,314,0.00010559959,0.1485554,0.851339
BS15 9AD,51.462599,-2.50852,2,270,0.0004987947,0.5123846,0.4871166
BS15 9AD,51.462599,-2.50852,3,343,0.0010118982,0.17771868,0.82126945
BS16 5EH,51.481058,-2.529016,3,288,0.00015315048,0.114958555,0.8848883
BS16 5EH,51.481058,-2.529016,4,275,0.013978263,0.117783695,0.8682381
BS16 5EH,51.481058,-2.529016,5,335,0.021786533,0.44985393,0.52835953
BS16 5EH,51.481058,-2.529016,6,304,0.00025181193,0.2177539,0.78199434
BS16 5EH,51.481058,-2.529016,7,314,0.00016920028,0.65024453,0.34958622
BS16 5EH,51.481058,-2.529016,8,343,0.0006965488,0.7654884,0.23381506
BS16 5EH,51.481058,-2.529016,9,287,0.00027412316,0.681991,0.3177349
BS16 5EH,51.481058,-2.529016,10,260,0.0046312693,0.004314599,0.9910541
BS16 5EH,51.481058,-2.529016,11,245,0.0004959709,0.00049134734,0.9990127
BS16 5EH,51.481058,-2.529016,12,253,3.3025135e-05,3.519778e-05,0.9999318
BS16 5EH,51.481058,-2.529016,1,225,6.538089e-05,0.02598596,0.97394866
BS16 5EH,51.481058,-2.529016,2,260,0.0011434435,0.11053744,0.88831913
BS16 5EH,51.481058,-2.529016,3,272,0.00023020647,0.1542262,0.84554356
BS16 5EJ,51.481058,-2.529016,3,281,0.00022729044,0.4551367,0.544636
BS16 5EJ,51.481058,-2.529016,4,272,0.011639805,0.04518298,0.9431772
BS16 5EJ,51.481058,-2.529016,5,322,0.003954034,0.26974043,0.72630554
BS16 5EJ,51.481058,-2.529016,6,294,0.00024097959,0.1956609,0.8040981
BS16 5EJ,51.481058,-2.529016,7,306,0.00017618806,0.53509015,0.4647337
BS16 5EJ,51.481058,-2.529016,8,326,0.00028148838,0.12236949,0.8773491
BS16 5EJ,51.481058,-2.529016,9,268,0.00019590335,0.04822517,0.9515789
BS16 5EJ,51.481058,-2.529016,10,243,0.001535837,0.0025647914,0.9958994
BS16 5EJ,51.481058,-2.529016,11,233,0.0006673052,0.0014481195,0.9978846
BS16 5EJ,51.481058,-2.529016,12,241,3.7406317e-05,0.0001073175,0.9998553
BS16 5EJ,51.481058,-2.529016,1,215,3.658238e-06,0.00040830605,0.9995881
BS16 5EJ,51.481058,-2.529016,2,245,0.00010976489,0.06512376,0.9347664
BS16 5EJ,51.481058,-2.529016,3,260,0.00036533186,0.030288722,0.9693459
BS16 5EQ,51.481058,-2.529016,3,296,0.00014895482,0.40142673,0.5984243
BS16 5EQ,51.481058,-2.529016,4,280,0.013978263,0.117783695,0.8682381
BS16 5EQ,51.481058,-2.529016,5,346,0.059848145,0.21354644,0.7266054
BS16 5EQ,51.481058,-2.529016,6,306,0.0001968454,0.21110141,0.7887017
BS16 5EQ,51.481058,-2.529016,7,319,0.00017994402,0.50974447,0.49007562
BS16 5EQ,51.481058,-2.529016,8,349,0.0005484848,0.12030798,0.87914354
BS16 5EQ,51.481058,-2.529016,9,291,0.00022016381,0.6388801,0.36089975
BS16 5EQ,51.481058,-2.529016,10,266,0.02933553,0.034118824,0.9365457
BS16 5EQ,51.481058,-2.529016,11,253,0.0004959709,0.00049134734,0.9990127
BS16 5EQ,51.481058,-2.529016,12,255,3.3025135e-05,3.519778e-05,0.9999318
BS16 5EQ,51.481058,-2.529016,1,229,5.9632122e-05,0.022129795,0.9778106
BS16 5EQ,51.481058,-2.529016,2,265,0.0012688063,0.83268505,0.16604622
BS16 5EQ,51.481058,-2.529016,3,281,0.00022729044,0.4551367,0.544636
BS16 5TB,51.481058,-2.529016,3,325,0.00017148835,0.4045199,0.5953086
BS16 5TB,51.481058,-2.529016,4,306,0.0130144665,0.22947867,0.75750685
BS16 5TB,51.481058,-2.529016,5,360,0.03118555,0.24572843,0.723086
BS16 5TB,51.481058,-2.529016,6,317,0.00013630828,0.63808966,0.3617741
BS16 5TB,51.481058,-2.529016,7,329,0.00012741289,0.037265267,0.9626073
BS16 5TB,51.481058,-2.529016,8,371,0.00037777057,0.044286717,0.9553355
BS16 5TB,51.481058,-2.529016,9,306,0.00019837685,0.66827065,0.331531
BS16 5TB,51.481058,-2.529016,10,293,0.0002620437,0.78075916,0.21897882
BS16 5TB,51.481058,-2.529016,11,285,0.00043731605,0.15768678,0.8418759
BS16 5TB,51.481058,-2.529016,12,277,8.474023e-06,0.0014002062,0.99859124
BS16 5TB,51.481058,-2.529016,1,253,2.53958e-05,0.0050161364,0.99495846
BS16 5TB,51.481058,-2.529016,2,268,0.0004987947,0.5123846,0.4871166
BS16 5TB,51.481058,-2.529016,3,295,0.00014895482,0.40142673,0.5984243
BS16 5UD,51.481058,-2.529016,3,312,0.00013140506,0.2115024,0.7883662
BS16 5UD,51.481058,-2.529016,4,305,0.014962982,0.31001505,0.67502195
BS16 5UD,51.481058,-2.529016,5,356,0.018388921,0.60189915,0.37971187
BS16 5UD,51.481058,-2.529016,6,314,0.00010523746,0.76591104,0.23398371
BS16 5UD,51.481058,-2.529016,7,328,0.00012741289,0.037265267,0.9626073
BS16 5UD,51.481058,-2.529016,8,364,0.00056349655,0.3576221,0.6418145
BS16 5UD,51.481058,-2.529016,9,307,0.00012945477,0.8646903,0.13518019
BS16 5UD,51.481058,-2.529016,10,291,0.0002620437,0.78075916,0.21897882
BS16 5UD,51.481058,-2.529016,11,275,0.00047385038,0.07277889,0.9267473
BS16 5UD,51.481058,-2.529016,12,270,5.0548288e-06,0.00017320535,0.9998217
BS16 5UD,51.481058,-2.529016,1,243,2.53958e-05,0.0050161364,0.99495846
BS16 5UD,51.481058,-2.529016,2,274,0.00048571522,0.5251709,0.4743434
BS16 5UD,51.481058,-2.529016,3,294,0.00014895482,0.40142673,0.5984243
BS16 5UE,51.487993,-2.501875,3,263,0.00054274075,0.040808517,0.95864874
BS16 5UE,51.487993,-2.501875,4,247,0.00049738673,0.009134511,0.9903681
BS16 5UE,51.487993,-2.501875,5,311,0.0027691133,0.50361055,0.49362034
BS16 5UE,51.487993,-2.501875,6,275,0.00023168568,0.07723918,0.9225291
BS16 5UE,51.487993,-2.501875,7,289,0.00014843576,0.72675884,0.27309272
BS16 5UE,51.487993,-2.501875,8,313,0.000156525,0.7399778,0.25986573
BS16 5UE,51.487993,-2.501875,9,263,0.0042189932,0.013808891,0.98197216
BS16 5UE,51.487993,-2.501875,10,236,0.0020500945,0.011022109,0.9869278
BS16 5UE,51.487993,-2.501875,11,228,0.0007450217,0.0016223355,0.9976326
BS16 5UE,51.487993,-2.501875,12,248,3.3025135e-05,3.519778e-05,0.9999318
BS16 5UE,51.487993,-2.501875,1,220,3.658238e-06,0.00040830605,0.9995881
BS16 5UE,51.487993,-2.501875,2,227,0.00021753786,0.45760626,0.5421762
BS16 5UE,51.487993,-2.501875,3,257,3.3789143e-05,0.017192991,0.9827732
BS16 5UF,51.481058,-2.529016,3,284,0.00014634567,0.15847221,0.84138143
BS16 5UF,51.481058,-2.529016,4,277,0.013978263,0.117783695,0.8682381
BS16 5UF,51.481058,-2.529016,5,327,0.002246817,0.13647157,0.8612816
BS16 5UF,51.481058,-2.529016,6,289,0.00022511803,0.22924536,0.77052945
BS16 5UF,51.481058,-2.529016,7,311,0.00015237606,0.5599357,0.43991196
BS16 5UF,51.481058,-2.529016,8,329,0.00016561069,0.06274615,0.93708825
BS16 5UF,51.481058,-2.529016,9,282,0.00019883724,0.81556666,0.18423446
BS16 5UF,51.481058,-2.529016,10,254,0.001535837,0.0025647914,0.9958994
BS16 5UF,51.481058,-2.529016,11,244,0.0004959709,0.00049134734,0.9990127
BS16 5UF,51.481058,-2.529016,12,259,6.793603e-05,4.2834625e-05,0.99988925
BS16 5UF,51.481058,-2.529016,1,237,0.00011156237,0.038105577,0.96178293
BS16 5UF,51.481058,-2.529016,2,244,0.00010976489,0.06512376,0.9347664
BS16 5UF,51.481058,-2.529016,3,271,0.00023020647,0.1542262,0.84554356
BS16 5UG,51.481058,-2.529016,3,291,0.00018210716,0.12148894,0.878329
BS16 5UG,51.481058,-2.529016,4,276,0.013978263,0.117783695,0.8682381
BS16 5UG,51.481058,-2.529016,5,332,0.0016748547,0.09996088,0.89836425
BS16 5UG,51.481058,-2.529016,6,296,0.00024097959,0.1956609,0.8040981
BS16 5UG,51.481058,-2.529016,7,314,0.00016920028,0.65024453,0.34958622
BS16 5UG,51.481058,-2.529016,8,332,0.00012751593,0.07381213,0.9260603
BS16 5UG,51.481058,-2.529016,9,287,0.00027412316,0.681991,0.3177349
BS16 5UG,51.481058,-2.529016,10,258,0.001535837,0.0025647914,0.9958994
BS16 5UG,51.481058,-2.529016,11,250,0.0004959709,0.00049134734,0.9990127
BS16 5UG,51.481058,-2.529016,12,264,0.0007895473,0.0005234839,0.99868697
BS16 5UG,51.481058,-2.529016,1,237,0.00011156237,0.038105577,0.96178293
BS16 5UG,51.481058,-2.529016,2,244,0.00010976489,0.06512376,0.9347664
BS16 5UG,51.481058,-2.529016,3,273,0.00023020647,0.1542262,0.84554356
BS16 5UH,51.487993,-2.501875,3,263,0.00054274075,0.040808517,0.95864874
BS16 5UH,51.487993,-2.501875,4,246,0.00049738673,0.009134511,0.9903681
BS16 5UH,51.487993,-2.501875,5,308,0.0033472122,0.5495276,0.44712517
BS16 5UH,51.487993,-2.501875,6,274,0.00014156726,0.016683836,0.9831746
BS16 5UH,51.487993,-2.501875,7,287,0.00020932432,0.56084305,0.43894762
BS16 5UH,51.487993,-2.501875,8,307,0.00013842747,0.77140605,0.22845556
BS16 5UH,51.487993,-2.501875,9,256,0.00026387666,0.005305655,0.9944305
BS16 5UH,51.487993,-2.501875,10,231,0.0020552562,0.008532028,0.9894127
BS16 5UH,51.487993,-2.501875,11,222,0.0006794363,0.0014187784,0.9979018
BS16 5UH,51.487993,-2.501875,12,245,3.3025135e-05,3.519778e-05,0.9999318
BS16 5UH,51.487993,-2.501875,1,217,3.658238e-06,0.00040830605,0.9995881
BS16 5UH,51.487993,-2.501875,2,225,0.00022133003,0.49864167,0.501137
BS16 5UH,51.487993,-2.501875,3,254,3.3789143e-05,0.017192991,0.9827732
BS16 5UQ,51.481058,-2.529016,3,285,0.00014634567,0.15847221,0.84138143
BS16 5UQ,51.481058,-2.529016,4,272,0.011639805,0.04518298,0.9431772
BS16 5UQ,51.481058,-2.529016,5,323,0.003954034,0.26974043,0.72630554
BS16 5UQ,51.481058,-2.529016,6,296,0.00024097959,0.1956609,0.8040981
BS16 5UQ,51.481058,-2.529016,7,310,0.00015237606,0.5599357,0.43991196
BS16 5UQ,51.481058,-2.529016,8,326,0.00028148838,0.12236949,0.8773491
BS16 5UQ,51.481058,-2.529016,9,269,0.00019590335,0.04822517,0.9515789
BS16 5UQ,51.481058,-2.529016,10,242,0.0021472636,0.010856692,0.98699605
BS16 5UQ,51.481058,-2.529016,11,236,0.0006673052,0.0014481195,0.9978846
BS16 5UQ,51.481058,-2.529016,12,249,3.3025135e-05,3.519778e-05,0.9999318
BS16 5UQ,51.481058,-2.529016,1,223,2.3544802e-05,0.0048688985,0.99510753
BS16 5UQ,51.481058,-2.529016,2,246,0.00010976489,0.06512376,0.9347664
BS16 5UQ,51.481058,-2.529016,3,267,0.001120324,0.22088939,0.7779903
BS2 9AB,51.456677,-2.592162,3,1655,0.0048928745,0.8956478,0.09945926
BS2 9AB,51.456677,-2.592162,4,1745,0.00019366144,0.9988508,0.000955499
BS2 9AB,51.456677,-2.592162,5,1795,0.0029605373,0.8095485,0.18749098
BS2 9AB,51.456677,-2.592162,6,1703,0.044665124,0.15730982,0.7980251
BS2 9AB,51.456677,-2.592162,7,1772,0.43463066,0.00435882,0.56101054
BS2 9AB,51.456677,-2.592162,8,1947,0.9989286,0.0004869768,0.00058439834
BS2 9AB,51.456677,-2.592162,9,1666,0.99202275,0.0027795364,0.0051977006
BS2 9AB,51.456677,-2.592162,10,1796,0.99899286,0.00072181557,0.00028537007
BS2 9AB,51.456677,-2.592162,11,1577,0.0010397915,7.702335e-05,0.9988832
BS2 9AB,51.456677,-2.592162,12,1395,0.00014246904,1.3562978e-05,0.99984396
BS2 9AB,51.456677,-2.592162,1,1570,0.9993405,0.00041433322,0.00024521968
BS2 9AB,51.456677,-2.592162,2,1414,0.99985945,9.3488765e-05,4.698508e-05
BS2 9AB,51.456677,-2.592162,3,1534,0.99700123,0.0007970774,0.0022016368
BS2 9AD,51.456677,-2.592162,3,1667,0.012039677,0.3247488,0.6632115
BS2 9AD,51.456677,-2.592162,4,1758,0.00095834536,0.99709344,0.0019482275
BS2 9AD,51.456677,-2.592162,5,1805,0.0023923025,0.918603,0.0790047
BS2 9AD,51.456677,-2.592162,6,1709,0.044665124,0.15730982,0.7980251
BS2 9AD,51.456677,-2.592162,7,1779,0.28865382,0.0042673266,0.7070788
BS2 9AD,51.456677,-2.592162,8,1950,0.9989286,0.0004869768,0.00058439834
BS2 9AD,51.456677,-2.592162,9,1673,0.9955734,0.0014353335,0.0029913008
BS2 9AD,51.456677,-2.592162,10,1796,0.99899286,0.00072181557,0.00028537007
BS2 9AD,51.456677,-2.592162,11,1578,0.0010397915,7.702335e-05,0.9988832
BS2 9AD,51.456677,-2.592162,12,1397,0.00014246904,1.3562978e-05,0.99984396
BS2 9AD,51.456677,-2.592162,1,1575,0.99923384,0.00048129316,0.0002848491
BS2 9AD,51.456677,-2.592162,2,1414,0.99985945,9.3488765e-05,4.698508e-05
BS2 9AD,51.456677,-2.592162,3,1540,0.99700123,0.0007970774,0.0022016368
BS2 9AP,51.456677,-2.592162,3,1646,0.0044867126,0.90105796,0.09445537
BS2 9AP,51.456677,-2.592162,4,1739,0.00017585688,0.99751365,0.0023105363
BS2 9AP,51.456677,-2.592162,5,1807,0.0023923025,0.918603,0.0790047
BS2 9AP,51.456677,-2.592162,6,1697,0.044665124,0.15730982,0.7980251
BS2 9AP,51.456677,-2.592162,7,1759,0.9815263,0.00381208,0.014661558
BS2 9AP,51.456677,-2.592162,8,1958,0.9989286,0.0004869768,0.00058439834
BS2 9AP,51.456677,-2.592162,9,1668,0.99202275,0.0027795364,0.0051977006
BS2 9AP,51.456677,-2.592162,10,1796,0.99899286,0.00072181557,0.00028537007
BS2 9AP,51.456677,-2.592162,11,1589,0.0019502972,7.009057e-05,0.9979796
BS2 9AP,51.456677,-2.592162,12,1404,0.00016185983,1.3562714e-05,0.9998246
BS2 9AP,51.456677,-2.592162,1,1554,0.9993405,0.00041433322,0.00024521968
BS2 9AP,51.456677,-2.592162,2,1405,0.99985945,9.3488765e-05,4.698508e-05
BS2 9AP,51.456677,-2.592162,3,1544,0.99700123,0.0007970774,0.0022016368
BS2 9DA,51.456677,-2.592162,3,1627,0.0068629645,0.006059269,0.9870777
BS2 9DA,51.456677,-2.592162,4,1728,0.0025644945,0.98241144,0.01502405
BS2 9DA,51.456677,-2.592162,5,1777,0.0012844569,0.04909516,0.94962037
BS2 9DA,51.456677,-2.592162,6,1671,0.028294941,0.66902393,0.3026811
BS2 9DA,51.456677,-2.592162,7,1759,0.9815263,0.00381208,0.014661558
BS2 9DA,51.456677,-2.592162,8,1922,0.9989286,0.0004869768,0.00058439834
BS2 9DA,51.456677,-2.592162,9,1655,0.9918828,0.0014614625,0.006655754
BS2 9DA,51.456677,-2.592162,10,1782,0.99926835,0.00023584574,0.00049585564
BS2 9DA,51.456677,-2.592162,11,1536,0.0010397915,7.702335e-05,0.9988832
BS2 9DA,51.456677,-2.592162,12,1361,0.00014246904,1.3562978e-05,0.99984396
BS2 9DA,51.456677,-2.592162,1,1533,0.9993405,0.00041433322,0.00024521968
BS2 9DA,51.456677,-2.592162,2,1394,0.99985945,9.3488765e-05,4.698508e-05
BS2 9DA,51.456677,-2.592162,3,1500,0.996829,0.00084288314,0.0023281584
BS2 9DG,51.456677,-2.592162,3,1664,0.012053732,0.32396054,0.6639857
BS2 9DG,51.456677,-2.592162,4,1749,0.00019366144,0.9988508,0.000955499
BS2 9DG,51.456677,-2.592162,5,1796,0.001504224,0.9762057,0.02229004
BS2 9DG,51.456677,-2.592162,6,1706,0.044665124,0.15730982,0.7980251
BS2 9DG,51.456677,-2.592162,7,1765,0.65909386,0.0051176334,0.33578846
BS2 9DG,51.456677,-2.592162,8,1930,0.9989286,0.0004869768,0.00058439834
BS2 9DG,51.456677,-2.592162,9,1651,0.99150074,0.0014608995,0.0070383465
BS2 9DG,51.456677,-2.592162,10,1775,0.9976726,0.00023546912,0.0020918767
BS2 9DG,51.456677,-2.592162,11,1574,0.0010397915,7.702335e-05,0.9988832
BS2 9DG,51.456677,-2.592162,12,1391,0.00014246904,1.3562978e-05,0.99984396
BS2 9DG,51.456677,-2.592162,1,1560,0.9993405,0.00041433322,0.00024521968
BS2 9DG,51.456677,-2.592162,2,1405,0.99985945,9.3488765e-05,4.698508e-05
BS2 9DG,51.456677,-2.592162,3,1527,0.99700123,0.0007970774,0.0022016368
BS2 9DR,51.456677,-2.592162,3,1626,0.0068629645,0.006059269,0.9870777
BS2 9DR,51.456677,-2.592162,4,1707,0.005182638,0.95526063,0.039556682
BS2 9DR,51.456677,-2.592162,5,1769,0.0018462077,0.038424037,0.95972973
BS2 9DR,51.456677,-2.592162,6,1656,0.020939555,0.76209724,0.21696314
BS2 9DR,51.456677,-2.592162,7,1727,0.9585012,0.0032576576,0.038241122
BS2 9DR,51.456677,-2.592162,8,1883,0.9989286,0.0004869768,0.00058439834
BS2 9DR,51.456677,-2.592162,9,1616,0.68981344,0.0046430533,0.30554348
BS2 9DR,51.456677,-2.592162,10,1744,0.9987658,0.00070417824,0.000530064
BS2 9DR,51.456677,-2.592162,11,1529,0.0009658481,7.702906e-05,0.99895716
BS2 9DR,51.456677,-2.592162,12,1344,8.664244e-05,1.3563735e-05,0.99989974
BS2 9DR,51.456677,-2.592162,1,1521,0.9993405,0.00041433322,0.00024521968
BS2 9DR,51.456677,-2.592162,2,1359,0.9997589,0.0001604233,8.062468e-05
BS2 9DR,51.456677,-2.592162,3,1475,0.996829,0.00084288314,0.0023281584
BS2 9EL,51.456677,-2.592162,3,1631,0.0068629645,0.006059269,0.9870777
BS2 9EL,51.456677,-2.592162,4,1737,0.00017585688,0.99751365,0.0023105363
BS2 9EL,51.456677,-2.592162,5,1787,0.005240431,0.6628829,0.3318766
BS2 9EL,51.456677,-2.592162,6,1671,0.028294941,0.66902393,0.3026811
BS2 9EL,51.456677,-2.592162,7,1758,0.9815263,0.00381208,0.014661558
BS2 9EL,51.456677,-2.592162,8,1910,0.9989286,0.0004869768,0.00058439834
BS2 9EL,51.456677,-2.592162,9,1657,0.98988426,0.0046461755,0.005469588
BS2 9EL,51.456677,-2.592162,10,1774,0.9987367,0.00015990692,0.0011034666
BS2 9EL,51.456677,-2.592162,11,1535,0.0010397915,7.702335e-05,0.9988832
BS2 9EL,51.456677,-2.592162,12,1358,8.664244e-05,1.3563735e-05,0.99989974
BS2 9EL,51.456677,-2.592162,1,1529,0.9993405,0.00041433322,0.00024521968
BS2 9EL,51.456677,-2.592162,2,1393,0.99985945,9.3488765e-05,4.698508e-05
BS2 9EL,51.456677,-2.592162,3,1493,0.996829,0.00084288314,0.0023281584
BS2 9EQ,51.456677,-2.592162,3,1592,0.18654273,0.006033471,0.80742383
BS2 9EQ,51.456677,-2.592162,4,1671,0.0016333692,0.9722481,0.026118523
BS2 9EQ,51.456677,-2.592162,5,1730,0.03966531,0.603367,0.35696772
BS2 9EQ,51.456677,-2.592162,6,1621,0.07650502,0.032079667,0.89141536
BS2 9EQ,51.456677,-2.592162,7,1700,0.9680752,0.003660297,0.02826449
BS2 9EQ,51.456677,-2.592162,8,1869,0.9989286,0.0004869768,0.00058439834
BS2 9EQ,51.456677,-2.592162,9,1591,0.51260436,0.0070095644,0.4803861
BS2 9EQ,51.456677,-2.592162,10,1731,0.9988416,0.0004471462,0.0007112484
BS2 9EQ,51.456677,-2.592162,11,1506,0.00090867246,7.703346e-05,0.99901426
BS2 9EQ,51.456677,-2.592162,12,1322,8.602118e-05,0.007183896,0.9927301
BS2 9EQ,51.456677,-2.592162,1,1514,0.9993405,0.00041433322,0.00024521968
BS2 9EQ,51.456677,-2.592162,2,1336,0.95893914,0.040966827,9.401799e-05
BS2 9EQ,51.456677,-2.592162,3,1460,0.996829,0.00084288314,0.0023281584
BS2 9HG,51.456677,-2.592162,3,1604,0.18654273,0.006033471,0.80742383
BS2 9HG,51.456677,-2.592162,4,1693,0.005182638,0.95526063,0.039556682
BS2 9HG,51.456677,-2.592162,5,1769,0.0018462077,0.038424037,0.95972973
BS2 9HG,51.456677,-2.592162,6,1650,0.020679813,0.75264394,0.22667626
BS2 9HG,51.456677,-2.592162,7,1720,0.9347239,0.05161876,0.013657289
BS2 9HG,51.456677,-2.592162,8,1911,0.9989286,0.0004869768,0.00058439834
BS2 9HG,51.456677,-2.592162,9,1627,0.68981344,0.0046430533,0.30554348
BS2 9HG,51.456677,-2.592162,10,1763,0.9985838,0.00015988245,0.0012562943
BS2 9HG,51.456677,-2.592162,11,1540,0.0010397915,7.702335e-05,0.9988832
BS2 9HG,51.456677,-2.592162,12,1360,0.00014246904,1.3562978e-05,0.99984396
BS2 9HG,51.456677,-2.592162,1,1543,0.9993405,0.00041433322,0.00024521968
BS2 9HG,51.456677,-2.592162,2,1368,0.99985945,9.3488765e-05,4.698508e-05
BS2 9HG,51.456677,-2.592162,3,1501,0.99700123,0.0007970774,0.0022016368
BS2 9HY,51.456677,-2.592162,3,1600,0.18654273,0.006033471,0.80742383
BS2 9HY,51.456677,-2.592162,4,1685,0.0016230269,0.988997,0.009379986
BS2 9HY,51.456677,-2.592162,5,1770,0.0018462077,0.038424037,0.95972973
BS2 9HY,51.456677,-2.592162,6,1653,0.020939555,0.76209724,0.21696314
BS2 9HY,51.456677,-2.592162,7,1714,0.96285486,0.02408129,0.013063883
BS2 9HY,51.456677,-2.592162,8,1900,0.9989286,0.0004869768,0.00058439834
BS2 9HY,51.456677,-2.592162,9,1624,0.68981344,0.0046430533,0.30554348
BS2 9HY,51.456677,-2.592162,10,1764,0.9985838,0.00015988245,0.0012562943
BS2 9HY,51.456677,-2.592162,11,1541,0.0010397915,7.702335e-05,0.9988832
BS2 9HY,51.456677,-2.592162,12,1361,0.00014246904,1.3562978e-05,0.99984396
BS2 9HY,51.456677,-2.592162,1,1536,0.9993405,0.00041433322,0.00024521968
BS2 9HY,51.456677,-2.592162,2,1367,0.99985945,9.3488765e-05,4.698508e-05
BS2 9HY,51.456677,-2.592162,3,1514,0.99700123,0.0007970774,0.0022016368
BS3 3AD,51.443759,-2.595117,3,768,0.004362021,0.35048467,0.6451533
BS3 3AD,51.443759,-2.595117,4,794,0.056752697,0.33152398,0.6117233
BS3 3AD,51.443759,-2.595117,5,804,0.62548953,0.11684843,0.25766206
BS3 3AD,51.443759,-2.595117,6,710,0.41604558,0.059586823,0.5243676
BS3 3AD,51.443759,-2.595117,7,802,0.61603576,0.11578042,0.26818386
BS3 3AD,51.443759,-2.595117,8,864,0.2040714,0.16827813,0.6276505
BS3 3AD,51.443759,-2.595117,9,728,0.7262199,0.015847081,0.25793302
BS3 3AD,51.443759,-2.595117,10,766,0.17567177,0.16114421,0.66318405
BS3 3AD,51.443759,-2.595117,11,654,0.002042783,0.019588325,0.9783689
BS3 3AD,51.443759,-2.595117,12,612,4.673274e-05,0.00012779256,0.99982554
BS3 3AD,51.443759,-2.595117,1,576,0.011742399,0.44504777,0.54320985
BS3 3AD,51.443759,-2.595117,2,614,0.79812324,0.019437935,0.18243887
BS3 3AD,51.443759,-2.595117,3,616,0.026498372,0.06221247,0.91128916
BS3 3BH,51.443759,-2.595117,3,717,0.009270329,0.067019336,0.92371035
BS3 3BH,51.443759,-2.595117,4,751,0.014642792,0.46503606,0.52032113
BS3 3BH,51.443759,-2.595117,5,750,0.116992995,0.38978174,0.49322522
BS3 3BH,51.443759,-2.595117,6,670,0.12187234,0.11293161,0.7651961
BS3 3BH,51.443759,-2.595117,7,749,0.08579592,0.20554599,0.7086581
BS3 3BH,51.443759,-2.595117,8,791,0.08733562,0.07967431,0.83299005
BS3 3BH,51.443759,-2.595117,9,663,0.51666164,0.14806354,0.33527488
BS3 3BH,51.443759,-2.595117,10,709,0.05518931,0.075013034,0.86979765
BS3 3BH,51.443759,-2.595117,11,601,0.00010918442,0.0041811997,0.99570966
BS3 3BH,51.443759,-2.595117,12,573,2.7910476e-06,8.930666e-05,0.99990785
BS3 3BH,51.443759,-2.595117,1,542,0.0024721632,0.48075232,0.5167755
BS3 3BH,51.443759,-2.595117,2,574,0.26317537,0.11268848,0.62413615
BS3 3BH,51.443759,-2.595117,3,578,0.0055196183,0.19921178,0.79526865
BS3 3BT,51.443759,-2.595117,3,767,0.004362021,0.35048467,0.6451533
BS3 3BT,51.443759,-2.595117,4,790,0.056752697,0.33152398,0.6117233
BS3 3BT,51.443759,-2.595117,5,803,0.62548953,0.11684843,0.25766206
BS3 3BT,51.443759,-2.595117,6,709,0.41604558,0.059586823,0.5243676
BS3 3BT,51.443759,-2.595117,7,790,0.08565867,0.60223997,0.3121014
BS3 3BT,51.443759,-2.595117,8,852,0.40765908,0.2538994,0.33844152
BS3 3BT,51.443759,-2.595117,9,716,0.81042486,0.0075573977,0.1820177
BS3 3BT,51.443759,-2.595117,10,751,0.018866753,0.07069082,0.9104424
BS3 3BT,51.443759,-2.595117,11,642,0.04099579,0.00845001,0.95055413
BS3 3BT,51.443759,-2.595117,12,600,2.9997543e-06,0.00011354327,0.9998834
BS3 3BT,51.443759,-2.595117,1,572,0.011742399,0.44504777,0.54320985
BS3 3BT,51.443759,-2.595117,2,607,0.47153452,0.03987742,0.4885881
BS3 3BT,51.443759,-2.595117,3,610,0.012166041,0.045498,0.94233596
BS3 3BU,51.443759,-2.595117,3,678,0.023625886,0.829094,0.14728016
BS3 3BU,51.443759,-2.595117,4,692,0.06167841,0.13193484,0.80638677
BS3 3BU,51.443759,-2.595117,5,709,0.5740573,0.057203904,0.36873877
BS3 3BU,51.443759,-2.595117,6,618,0.32145914,0.076747246,0.6017936
BS3 3BU,51.443759,-2.595117,7,682,0.14544386,0.03313956,0.82141656
BS3 3BU,51.443759,-2.595117,8,702,0.89730513,0.0068310653,0.09586382
BS3 3BU,51.443759,-2.595117,9,611,0.03365918,0.05889494,0.9074459
BS3 3BU,51.443759,-2.595117,10,662,0.03324476,0.41038728,0.556368
BS3 3BU,51.443759,-2.595117,11,542,5.5853146e-05,0.001467982,0.9984762
BS3 3BU,51.443759,-2.595117,12,530,2.077034e-06,5.3957538e-05,0.999944
BS3 3BU,51.443759,-2.595117,1,493,0.0010686673,0.013539796,0.98539156
BS3 3BU,51.443759,-2.595117,2,527,0.0056313784,0.009807993,0.9845606
BS3 3BU,51.443759,-2.595117,3,523,0.00041248798,0.013815754,0.9857717
BS3 3BX,51.443759,-2.595117,3,767,0.004362021,0.35048467,0.6451533
BS3 3BX,51.443759,-2.595117,4,792,0.056752697,0.33152398,0.6117233
BS3 3BX,51.443759,-2.595117,5,803,0.62548953,0.11684843,0.25766206
BS3 3BX,51.443759,-2.595117,6,710,0.41604558,0.059586823,0.5243676
BS3 3BX,51.443759,-2.595117,7,790,0.08565867,0.60223997,0.3121014
BS3 3BX,51.443759,-2.595117,8,852,0.40765908,0.2538994,0.33844152
BS3 3BX,51.443759,-2.595117,9,716,0.81042486,0.0075573977,0.1820177
BS3 3BX,51.443759,-2.595117,10,753,0.018866753,0.07069082,0.9104424
BS3 3BX,51.443759,-2.595117,11,643,0.04099579,0.00845001,0.95055413
BS3 3BX,51.443759,-2.595117,12,601,2.9997543e-06,0.00011354327,0.9998834
BS3 3BX,51.443759,-2.595117,1,572,0.011742399,0.44504777,0.54320985
BS3 3BX,51.443759,-2.595117,2,609,0.47153452,0.03987742,0.4885881
BS3 3BX,51.443759,-2.595117,3,610,0.012166041,0.045498,0.94233596
BS3 3LH,51.443759,-2.595117,3,718,0.009270329,0.067019336,0.92371035
BS3 3LH,51.443759,-2.595117,4,752,0.014642792,0.46503606,0.52032113
BS3 3LH,51.443759,-2.595117,5,750,0.116992995,0.38978174,0.49322522
BS3 3LH,51.443759,-2.595117,6,668,0.3668207,0.15262671,0.48055267
BS3 3LH,51.443759,-2.595117,7,749,0.08579592,0.20554599,0.7086581
BS3 3LH,51.443759,-2.595117,8,788,0.08733562,0.07967431,0.83299005
BS3 3LH,51.443759,-2.595117,9,660,0.51666164,0.14806354,0.33527488
BS3 3LH,51.443759,-2.595117,10,709,0.05518931,0.075013034,0.86979765
BS3 3LH,51.443759,-2.595117,11,603,0.00010918442,0.0041811997,0.99570966
BS3 3LH,51.443759,-2.595117,12,572,2.7910476e-06,8.930666e-05,0.99990785
BS3 3LH,51.443759,-2.595117,1,542,0.0024721632,0.48075232,0.5167755
BS3 3LH,51.443759,-2.595117,2,573,0.26317537,0.11268848,0.62413615
BS3 3LH,51.443759,-2.595117,3,582,0.010919847,0.15436648,0.8347137
BS3 3LL,51.443759,-2.595117,3,677,0.10025143,0.7929672,0.10678137
BS3 3LL,51.443759,-2.595117,4,687,0.06352184,0.1913869,0.7450912
BS3 3LL,51.443759,-2.595117,5,698,0.2809623,0.17492084,0.5441169
BS3 3LL,51.443759,-2.595117,6,614,0.32145914,0.076747246,0.6017936
BS3 3LL,51.443759,-2.595117,7,678,0.1515766,0.029697716,0.8187257
BS3 3LL,51.443759,-2.595117,8,704,0.89730513,0.0068310653,0.09586382
BS3 3LL,51.443759,-2.595117,9,608,0.03365918,0.05889494,0.9074459
BS3 3LL,51.443759,-2.595117,10,660,0.03324476,0.41038728,0.556368
BS3 3LL,51.443759,-2.595117,11,540,5.5853146e-05,0.001467982,0.9984762
BS3 3LL,51.443759,-2.595117,12,532,2.077034e-06,5.3957538e-05,0.999944
BS3 3LL,51.443759,-2.595117,1,491,0.0010686673,0.013539796,0.98539156
BS3 3LL,51.443759,-2.595117,2,525,0.0056313784,0.009807993,0.9845606
BS3 3LL,51.443759,-2.595117,3,522,0.00041248798,0.013815754,0.9857717
BS3 3LW,51.443759,-2.595117,3,667,0.11497002,0.72896624,0.1560638
BS3 3LW,51.443759,-2.595117,4,678,0.07084917,0.16477452,0.7643763
BS3 3LW,51.443759,-2.595117,5,693,0.05160164,0.11208514,0.83631325
BS3 3LW,51.443759,-2.595117,6,604,0.0010677942,0.07127933,0.92765284
BS3 3LW,51.443759,-2.595117,7,666,0.6548451,0.029747332,0.31540757
BS3 3LW,51.443759,-2.595117,8,684,0.31872982,0.030736053,0.65053415
BS3 3LW,51.443759,-2.595117,9,591,0.005050547,0.481456,0.5134935
BS3 3LW,51.443759,-2.595117,10,639,0.62358135,0.3432698,0.033148922
BS3 3LW,51.443759,-2.595117,11,528,5.5853146e-05,0.001467982,0.9984762
BS3 3LW,51.443759,-2.595117,12,524,2.077034e-06,5.3957538e-05,0.999944
BS3 3LW,51.443759,-2.595117,1,478,0.0010686673,0.013539796,0.98539156
BS3 3LW,51.443759,-2.595117,2,522,0.0056313784,0.009807993,0.9845606
BS3 3LW,51.443759,-2.595117,3,514,0.00041248798,0.013815754,0.9857717
BS3 3NA,51.443759,-2.595117,3,662,0.042927258,0.78997374,0.16709901
BS3 3NA,51.443759,-2.595117,4,679,0.07084917,0.16477452,0.7643763
BS3 3NA,51.443759,-2.595117,5,687,0.05843183,0.16367604,0.7778921
BS3 3NA,51.443759,-2.595117,6,605,0.05921287,0.054223742,0.8865634
BS3 3NA,51.443759,-2.595117,7,667,0.6548451,0.029747332,0.31540757
BS3 3NA,51.443759,-2.595117,8,688,0.2445508,0.016326927,0.7391222
BS3 3NA,51.443759,-2.595117,9,602,0.0016161152,0.084465414,0.91391844
BS3 3NA,51.443759,-2.595117,10,645,0.5478485,0.41508272,0.037068736
BS3 3NA,51.443759,-2.595117,11,530,5.5853146e-05,0.001467982,0.9984762
BS3 3NA,51.443759,-2.595117,12,528,2.077034e-06,5.3957538e-05,0.999944
BS3 3NA,51.443759,-2.595117,1,484,0.0010686673,0.013539796,0.98539156
BS3 3NA,51.443759,-2.595117,2,521,0.0056313784,0.009807993,0.9845606
BS3 3NA,51.443759,-2.595117,3,518,0.00041248798,0.013815754,0.9857717
BS3 3NP,51.443759,-2.595117,3,698,0.3465423,0.16621293,0.48724478
BS3 3NP,51.443759,-2.595117,4,724,0.01956936,0.07370491,0.90672576
BS3 3NP,51.443759,-2.595117,5,731,0.08511751,0.21494827,0.69993424
BS3 3NP,51.443759,-2.595117,6,661,0.107581265,0.716053,0.1763658
BS3 3NP,51.443759,-2.595117,7,730,0.07074543,0.038491953,0.89076257
BS3 3NP,51.443759,-2.595117,8,763,0.4013122,0.031622835,0.56706494
BS3 3NP,51.443759,-2.595117,9,654,0.5659766,0.17435837,0.25966504
BS3 3NP,51.443759,-2.595117,10,696,0.058805156,0.1870613,0.7541335
BS3 3NP,51.443759,-2.595117,11,583,0.0003292381,0.015089009,0.98458177
BS3 3NP,51.443759,-2.595117,12,564,1.9153233e-06,4.9045393e-05,0.999949
BS3 3NP,51.443759,-2.595117,1,531,0.0010686673,0.013539796,0.98539156
BS3 3NP,51.443759,-2.595117,2,561,0.005589972,0.033683434,0.96072656
BS3 3NP,51.443759,-2.595117,3,568,0.0008083371,0.13051559,0.868676
BS30 8QA,51.449329,-2.471606,3,78,6.769412e-06,0.0014066627,0.99858654
BS30 8QA,51.449329,-2.471606,4,105,0.00014425714,0.027281038,0.9725748
BS30 8QA,51.449329,-2.471606,5,80,2.386225e-05,0.00058493693,0.9993912
BS30 8QA,51.449329,-2.471606,6,111,0.00014012042,0.043598585,0.9562613
BS30 8QA,51.449329,-2.471606,7,108,8.621116e-05,0.013623915,0.9862898
BS30 8QA,51.449329,-2.471606,8,80,2.5988234e-05,0.0011926569,0.9987814
BS30 8QA,51.449329,-2.471606,9,75,2.3007564e-05,0.0006710334,0.99930596
BS30 8QA,51.449329,-2.471606,10,92,5.9655868e-05,0.0005741275,0.9993662
BS30 8QA,51.449329,-2.471606,11,86,0.0006870635,0.010166048,0.98914695
BS30 8QA,51.449329,-2.471606,12,88,0.00017669624,0.00089414563,0.9989291
BS30 8QA,51.449329,-2.471606,1,103,1.7632936e-05,0.0032389557,0.9967434
BS30 8QA,51.449329,-2.471606,2,61,5.7790705e-05,0.01770066,0.9822416
BS30 8QA,51.449329,-2.471606,3,79,6.769412e-06,0.0014066627,0.99858654
BS30 8QD,51.449329,-2.471606,3,85,6.769412e-06,0.0014066627,0.99858654
BS30 8QD,51.449329,-2.471606,4,114,0.00014425714,0.027281038,0.9725748
BS30 8QD,51.449329,-2.471606,5,90,2.386225e-05,0.00058493693,0.9993912
BS30 8QD,51.449329,-2.471606,6,119,0.00014012042,0.043598585,0.9562613
BS30 8QD,51.449329,-2.471606,7,114,8.621116e-05,0.013623915,0.9862898
BS30 8QD,51.449329,-2.471606,8,86,2.5988234e-05,0.0011926569,0.9987814
BS30 8QD,51.449329,-2.471606,9,79,2.3007564e-05,0.0006710334,0.99930596
BS30 8QD,51.449329,-2.471606,10,94,5.9655868e-05,0.0005741275,0.9993662
BS30 8QD,51.449329,-2.471606,11,91,0.0006870635,0.010166048,0.98914695
BS30 8QD,51.449329,-2.471606,12,92,0.00017669624,0.00089414563,0.9989291
BS30 8QD,51.449329,-2.471606,1,107,0.0001138504,0.20600706,0.79387903
BS30 8QD,51.449329,-2.471606,2,64,5.7790705e-05,0.01770066,0.9822416
BS30 8QD,51.449329,-2.471606,3,83,6.769412e-06,0.0014066627,0.99858654
BS30 8RP,51.449329,-2.471606,3,72,6.769412e-06,0.0014066627,0.99858654
BS30 8RP,51.449329,-2.471606,4,104,3.4898167e-05,0.002380181,0.99758494
BS30 8RP,51.449329,-2.471606,5,78,2.386225e-05,0.00058493693,0.9993912
BS30 8RP,51.449329,-2.471606,6,102,4.013751e-05,0.003580824,0.9963791
BS30 8RP,51.449329,-2.471606,7,103,2.4003653e-05,0.0010876198,0.99888843
BS30 8RP,51.449329,-2.471606,8,87,2.5988234e-05,0.0011926569,0.9987814
BS30 8RP,51.449329,-2.471606,9,77,2.3007564e-05,0.0006710334,0.99930596
BS30 8RP,51.449329,-2.471606,10,89,5.9655868e-05,0.0005741275,0.9993662
BS30 8RP,51.449329,-2.471606,11,82,0.0006870635,0.010166048,0.98914695
BS30 8RP,51.449329,-2.471606,12,85,0.00017669624,0.00089414563,0.9989291
BS30 8RP,51.449329,-2.471606,1,104,1.7632936e-05,0.0032389557,0.9967434
BS30 8RP,51.449329,-2.471606,2,57,5.7790705e-05,0.01770066,0.9822416
BS30 8RP,51.449329,-2.471606,3,73,6.769412e-06,0.0014066627,0.99858654
BS30 8TT,51.449329,-2.471606,3,72,6.769412e-06,0.0014066627,0.99858654
BS30 8TT,51.449329,-2.471606,4,104,3.4898167e-05,0.002380181,0.99758494
BS30 8TT,51.449329,-2.471606,5,78,2.386225e-05,0.00058493693,0.9993912
BS30 8TT,51.449329,-2.471606,6,102,4.013751e-05,0.003580824,0.9963791
BS30 8TT,51.449329,-2.471606,7,104,2.4003653e-05,0.0010876198,0.99888843
BS30 8TT,51.449329,-2.471606,8,87,2.5988234e-05,0.0011926569,0.9987814
BS30 8TT,51.449329,-2.471606,9,77,2.3007564e-05,0.0006710334,0.99930596
BS30 8TT,51.449329,-2.471606,10,89,5.9655868e-05,0.0005741275,0.9993662
BS30 8TT,51.449329,-2.471606,11,82,0.0006870635,0.010166048,0.98914695
BS30 8TT,51.449329,-2.471606,12,85,0.00017669624,0.00089414563,0.9989291
BS30 8TT,51.449329,-2.471606,1,104,1.7632936e-05,0.0032389557,0.9967434
BS30 8TT,51.449329,-2.471606,2,57,5.7790705e-05,0.01770066,0.9822416
BS30 8TT,51.449329,-2.471606,3,73,6.769412e-06,0.0014066627,0.99858654
BS30 8TU,51.437838,-2.493542,3,87,6.769412e-06,0.0014066627,0.99858654
BS30 8TU,51.437838,-2.493542,4,112,0.00014425714,0.027281038,0.9725748
BS30 8TU,51.437838,-2.493542,5,83,2.386225e-05,0.00058493693,0.9993912
BS30 8TU,51.437838,-2.493542,6,114,0.00014012042,0.043598585,0.9562613
BS30 8TU,51.437838,-2.493542,7,113,8.621116e-05,0.013623915,0.9862898
BS30 8TU,51.437838,-2.493542,8,91,2.5988234e-05,0.0011926569,0.9987814
BS30 8TU,51.437838,-2.493542,9,78,2.3007564e-05,0.0006710334,0.99930596
BS30 8TU,51.437838,-2.493542,10,97,5.9655868e-05,0.0005741275,0.9993662
BS30 8TU,51.437838,-2.493542,11,97,0.0006870635,0.010166048,0.98914695
BS30 8TU,51.437838,-2.493542,12,93,0.00017669624,0.00089414563,0.9989291
BS30 8TU,51.437838,-2.493542,1,110,0.0001138504,0.20600706,0.79387903
BS30 8TU,51.437838,-2.493542,2,66,5.7790705e-05,0.01770066,0.9822416
BS30 8TU,51.437838,-2.493542,3,86,6.769412e-06,0.0014066627,0.99858654
BS30 8TX,51.449329,-2.471606,3,76,6.769412e-06,0.0014066627,0.99858654
BS30 8TX,51.449329,-2.471606,4,106,0.00014425714,0.027281038,0.9725748
BS30 8TX,51.449329,-2.471606,5,77,2.386225e-05,0.00058493693,0.9993912
BS30 8TX,51.449329,-2.471606,6,107,0.00014012042,0.043598585,0.9562613
BS30 8TX,51.449329,-2.471606,7,101,2.4003653e-05,0.0010876198,0.99888843
BS30 8TX,51.449329,-2.471606,8,78,2.5988234e-05,0.0011926569,0.9987814
BS30 8TX,51.449329,-2.471606,9,77,2.3007564e-05,0.0006710334,0.99930596
BS30 8TX,51.449329,-2.471606,10,88,5.9655868e-05,0.0005741275,0.9993662
BS30 8TX,51.449329,-2.471606,11,80,0.0006870635,0.010166048,0.98914695
BS30 8TX,51.449329,-2.471606,12,85,0.00017669624,0.00089414563,0.9989291
BS30 8TX,51.449329,-2.471606,1,102,1.7632936e-05,0.0032389557,0.9967434
BS30 8TX,51.449329,-2.471606,2,60,5.7790705e-05,0.01770066,0.9822416
BS30 8TX,51.449329,-2.471606,3,77,6.769412e-06,0.0014066627,0.99858654
BS30 8YN,51.449329,-2.471606,3,70,6.769412e-06,0.0014066627,0.99858654
BS30 8YN,51.449329,-2.471606,4,94,3.4898167e-05,0.002380181,0.99758494
BS30 8YN,51.449329,-2.471606,5,70,2.386225e-05,0.00058493693,0.9993912
BS30 8YN,51.449329,-2.471606,6,95,4.013751e-05,0.003580824,0.9963791
BS30 8YN,51.449329,-2.471606,7,98,2.4003653e-05,0.0010876198,0.99888843
BS30 8YN,51.449329,-2.471606,8,77,2.5988234e-05,0.0011926569,0.9987814
BS30 8YN,51.449329,-2.471606,9,75,2.3007564e-05,0.0006710334,0.99930596
BS30 8YN,51.449329,-2.471606,10,79,5.9655868e-05,0.0005741275,0.9993662
BS30 8YN,51.449329,-2.471606,11,81,0.0006870635,0.010166048,0.98914695
BS30 8YN,51.449329,-2.471606,12,87,0.00017669624,0.00089414563,0.9989291
BS30 8YN,51.449329,-2.471606,1,98,1.7632936e-05,0.0032389557,0.9967434
BS30 8YN,51.449329,-2.471606,2,54,5.7790705e-05,0.01770066,0.9822416
BS30 8YN,51.449329,-2.471606,3,70,6.769412e-06,0.0014066627,0.99858654
BS30 8YT,51.449329,-2.471606,3,73,6.769412e-06,0.0014066627,0.99858654
BS30 8YT,51.449329,-2.471606,4,99,3.4898167e-05,0.002380181,0.99758494
BS30 8YT,51.449329,-2.471606,5,72,2.386225e-05,0.00058493693,0.9993912
BS30 8YT,51.449329,-2.471606,6,100,4.013751e-05,0.003580824,0.9963791
BS30 8YT,51.449329,-2.471606,7,100,2.4003653e-05,0.0010876198,0.99888843
BS30 8YT,51.449329,-2.471606,8,79,2.5988234e-05,0.0011926569,0.9987814
BS30 8YT,51.449329,-2.471606,9,78,2.3007564e-05,0.0006710334,0.99930596
BS30 8YT,51.449329,-2.471606,10,87,5.9655868e-05,0.0005741275,0.9993662
BS30 8YT,51.449329,-2.471606,11,83,0.0006870635,0.010166048,0.98914695
BS30 8YT,51.449329,-2.471606,12,88,0.00017669624,0.00089414563,0.9989291
BS30 8YT,51.449329,-2.471606,1,100,1.7632936e-05,0.0032389557,0.9967434
BS30 8YT,51.449329,-2.471606,2,56,5.7790705e-05,0.01770066,0.9822416
BS30 8YT,51.449329,-2.471606,3,73,6.769412e-06,0.0014066627,0.99858654
BS30 8YU,51.449329,-2.471606,3,77,6.769412e-06,0.0014066627,0.99858654
BS30 8YU,51.449329,-2.471606,4,108,0.00014425714,0.027281038,0.9725748
BS30 8YU,51.449329,-2.471606,5,80,2.386225e-05,0.00058493693,0.9993912
BS30 8YU,51.449329,-2.471606,6,107,0.00014012042,0.043598585,0.9562613
BS30 8YU,51.449329,-2.471606,7,104,2.4003653e-05,0.0010876198,0.99888843
BS30 8YU,51.449329,-2.471606,8,83,2.5988234e-05,0.0011926569,0.9987814
BS30 8YU,51.449329,-2.471606,9,77,2.3007564e-05,0.0006710334,0.99930596
BS30 8YU,51.449329,-2.471606,10,91,5.9655868e-05,0.0005741275,0.9993662
BS30 8YU,51.449329,-2.471606,11,85,0.0006870635,0.010166048,0.98914695
BS30 8YU,51.449329,-2.471606,12,88,0.00017669624,0.00089414563,0.9989291
BS30 8YU,51.449329,-2.471606,1,102,1.7632936e-05,0.0032389557,0.9967434
BS30 8YU,51.449329,-2.471606,2,58,5.7790705e-05,0.01770066,0.9822416
BS30 8YU,51.449329,-2.471606,3,75,6.769412e-06,0.0014066627,0.99858654
BS30 8YY,51.449329,-2.471606,3,73,6.769412e-06,0.0014066627,0.99858654
BS30 8YY,51.449329,-2.471606,4,98,3.4898167e-05,0.002380181,0.99758494
BS30 8YY,51.449329,-2.471606,5,73,2.386225e-05,0.00058493693,0.9993912
BS30 8YY,51.449329,-2.471606,6,100,4.013751e-05,0.003580824,0.9963791
BS30 8YY,51.449329,-2.471606,7,97,2.4003653e-05,0.0010876198,0.99888843
BS30 8YY,51.449329,-2.471606,8,79,2.5988234e-05,0.0011926569,0.9987814
BS30 8YY,51.449329,-2.471606,9,74,2.3007564e-05,0.0006710334,0.99930596
BS30 8YY,51.449329,-2.471606,10,86,5.9655868e-05,0.0005741275,0.9993662
BS30 8YY,51.449329,-2.471606,11,82,0.0006870635,0.010166048,0.98914695
BS30 8YY,51.449329,-2.471606,12,86,0.00017669624,0.00089414563,0.9989291
BS30 8YY,51.449329,-2.471606,1,99,1.7632936e-05,0.0032389557,0.9967434
BS30 8YY,51.449329,-2.471606,2,54,5.7790705e-05,0.01770066,0.9822416
BS30 8YY,51.449329,-2.471606,3,67,6.769412e-06,0.0014066627,0.99858654
BS34 6FB,51.52634,-2.570503,3,202,3.153346e-05,0.060641743,0.93932664
BS34 6FB,51.52634,-2.570503,4,214,7.470175e-05,0.002948166,0.9969771
BS34 6FB,51.52634,-2.570503,5,219,0.00073347817,0.0368106,0.9624559
BS34 6FB,51.52634,-2.570503,6,276,0.00023168568,0.07723918,0.9225291
BS34 6FB,51.52634,-2.570503,7,230,0.0012518376,0.21590847,0.7828397
BS34 6FB,51.52634,-2.570503,8,215,0.00031997476,0.029900013,0.96978
BS34 6FB,51.52634,-2.570503,9,220,0.000288848,0.020592358,0.97911876
BS34 6FB,51.52634,-2.570503,10,207,0.0030118087,0.021816082,0.9751721
BS34 6FB,51.52634,-2.570503,11,193,0.8910867,0.003827698,0.10508568
BS34 6FB,51.52634,-2.570503,12,176,0.00028144722,0.004351176,0.9953674
BS34 6FB,51.52634,-2.570503,1,182,2.1211767e-05,0.016601458,0.98337734
BS34 6FB,51.52634,-2.570503,2,149,0.00015467966,0.19557571,0.80426955
BS34 6FB,51.52634,-2.570503,3,186,0.00068951363,0.66280955,0.3365009
BS34 6FD,51.52634,-2.570503,3,206,1.1143231e-05,0.01415636,0.98583245
BS34 6FD,51.52634,-2.570503,4,200,0.00047145155,0.038119555,0.96140903
BS34 6FD,51.52634,-2.570503,5,197,0.0019760884,0.94913006,0.048893806
BS34 6FD,51.52634,-2.570503,6,248,0.00027135073,0.002775988,0.99695265
BS34 6FD,51.52634,-2.570503,7,207,0.00043337798,0.10614163,0.89342505
BS34 6FD,51.52634,-2.570503,8,218,0.00031997476,0.029900013,0.96978
BS34 6FD,51.52634,-2.570503,9,196,0.0018323257,0.49238187,0.5057858
BS34 6FD,51.52634,-2.570503,10,197,0.013572613,0.13842493,0.84800243
BS34 6FD,51.52634,-2.570503,11,183,0.89407104,0.008912506,0.0970165
BS34 6FD,51.52634,-2.570503,12,174,0.015211535,0.43997037,0.5448181
BS34 6FD,51.52634,-2.570503,1,178,2.9671353e-05,0.047625743,0.95234454
BS34 6FD,51.52634,-2.570503,2,138,0.00012445022,0.13934451,0.86053103
BS34 6FD,51.52634,-2.570503,3,173,6.985646e-05,0.08070101,0.9192291
BS34 6FE,51.52634,-2.570503,3,204,1.1143231e-05,0.01415636,0.98583245
BS34 6FE,51.52634,-2.570503,4,207,0.00010553895,0.0051631723,0.9947313
BS34 6FE,51.52634,-2.570503,5,204,0.00233559,0.34827656,0.64938784
BS34 6FE,51.52634,-2.570503,6,261,0.0028030742,0.0046718726,0.992525
BS34 6FE,51.52634,-2.570503,7,226,0.0013584008,0.3501322,0.6485094
BS34 6FE,51.52634,-2.570503,8,214,0.00031997476,0.029900013,0.96978
BS34 6FE,51.52634,-2.570503,9,216,0.000288848,0.020592358,0.97911876
BS34 6FE,51.52634,-2.570503,10,203,0.0106360195,0.12094359,0.86842036
BS34 6FE,51.52634,-2.570503,11,195,0.9724973,0.00233612,0.025166588
BS34 6FE,51.52634,-2.570503,12,181,0.00036493933,0.004134181,0.99550086
BS34 6FE,51.52634,-2.570503,1,191,8.615987e-05,0.013158476,0.98675543
BS34 6FE,51.52634,-2.570503,2,153,0.00015467966,0.19557571,0.80426955
BS34 6FE,51.52634,-2.570503,3,195,0.00020656022,0.17419477,0.82559866
BS34 6FG,51.52634,-2.570503,3,183,0.00014543803,0.7766962,0.22315837
BS34 6FG,51.52634,-2.570503,4,192,0.008543526,0.5553052,0.43615133
BS34 6FG,51.52634,-2.570503,5,189,0.0030981947,0.8813051,0.11559677
BS34 6FG,51.52634,-2.570503,6,256,0.00027135073,0.002775988,0.99695265
BS34 6FG,51.52634,-2.570503,7,214,0.00025867103,0.051107418,0.94863385
BS34 6FG,51.52634,-2.570503,8,213,0.00031997476,0.029900013,0.96978
BS34 6FG,51.52634,-2.570503,9,204,0.0013353653,0.75491583,0.24374877
BS34 6FG,51.52634,-2.570503,10,195,0.95521766,0.015333434,0.029448874
BS34 6FG,51.52634,-2.570503,11,166,0.011660086,0.18722552,0.8011144
BS34 6FG,51.52634,-2.570503,12,154,0.00080921856,0.072988875,0.92620194
BS34 6FG,51.52634,-2.570503,1,162,4.762214e-05,0.06769473,0.93225765
BS34 6FG,51.52634,-2.570503,2,137,0.00012445022,0.13934451,0.86053103
BS34 6FG,51.52634,-2.570503,3,167,6.4135864e-05,0.9163484,0.083587445
BS34 6JJ,51.52634,-2.570503,3,208,7.2023668e-06,0.008380465,0.9916123
BS34 6JJ,51.52634,-2.570503,4,201,0.00047145155,0.038119555,0.96140903
BS34 6JJ,51.52634,-2.570503,5,184,0.008695374,0.6781821,0.31312254
BS34 6JJ,51.52634,-2.570503,6,254,0.00027135073,0.002775988,0.99695265
BS34 6JJ,51.52634,-2.570503,7,214,0.00025867103,0.051107418,0.94863385
BS34 6JJ,51.52634,-2.570503,8,207,0.0014571751,0.29504815,0.7034947
BS34 6JJ,51.52634,-2.570503,9,189,0.15349646,0.5164337,0.33006984
BS34 6JJ,51.52634,-2.570503,10,183,0.1474949,0.29134178,0.5611633
BS34 6JJ,51.52634,-2.570503,11,186,0.94956154,0.017929759,0.032508753
BS34 6JJ,51.52634,-2.570503,12,196,6.35674e-05,0.00013530596,0.9998011
BS34 6JJ,51.52634,-2.570503,1,183,1.7664104e-05,0.0061758356,0.9938065
BS34 6JJ,51.52634,-2.570503,2,150,0.00015467966,0.19557571,0.80426955
BS34 6JJ,51.52634,-2.570503,3,198,6.513046e-05,0.13367878,0.86625606
BS34 6JL,51.52634,-2.570503,3,208,7.2023668e-06,0.008380465,0.9916123
BS34 6JL,51.52634,-2.570503,4,197,0.0008794465,0.052587,0.94653356
BS34 6JL,51.52634,-2.570503,5,180,0.0009949286,0.1349075,0.86409754
BS34 6JL,51.52634,-2.570503,6,245,0.00027135073,0.002775988,0.99695265
BS34 6JL,51.52634,-2.570503,7,219,0.00025867103,0.051107418,0.94863385
BS34 6JL,51.52634,-2.570503,8,207,0.0014571751,0.29504815,0.7034947
BS34 6JL,51.52634,-2.570503,9,188,0.01580054,0.094501026,0.88969845
BS34 6JL,51.52634,-2.570503,10,183,0.1474949,0.29134178,0.5611633
BS34 6JL,51.52634,-2.570503,11,182,0.052757,0.40788612,0.5393569
BS34 6JL,51.52634,-2.570503,12,195,0.15438803,0.00048386393,0.8451281
BS34 6JL,51.52634,-2.570503,1,183,1.7664104e-05,0.0061758356,0.9938065
BS34 6JL,51.52634,-2.570503,2,144,0.00012445022,0.13934451,0.86053103
BS34 6JL,51.52634,-2.570503,3,193,4.3449494e-05,0.13244744,0.86750907
BS34 6JR,51.52634,-2.570503,3,209,7.2023668e-06,0.008380465,0.9916123
BS34 6JR,51.52634,-2.570503,4,205,0.00016364292,0.00874075,0.99109554
BS34 6JR,51.52634,-2.570503,5,180,0.0009949286,0.1349075,0.86409754
BS34 6JR,51.52634,-2.570503,6,249,0.00027135073,0.002775988,0.99695265
BS34 6JR,51.52634,-2.570503,7,229,0.0013584008,0.3501322,0.6485094
BS34 6JR,51.52634,-2.570503,8,225,0.0008993635,0.099482656,0.8996179
BS34 6JR,51.52634,-2.570503,9,194,0.16992404,0.67981863,0.15025732
BS34 6JR,51.52634,-2.570503,10,191,0.9440626,0.042130448,0.013806897
BS34 6JR,51.52634,-2.570503,11,181,0.052757,0.40788612,0.5393569
BS34 6JR,51.52634,-2.570503,12,187,0.048261113,0.0030487843,0.94869006
BS34 6JR,51.52634,-2.570503,1,185,9.602244e-06,0.0045578224,0.9954326
BS34 6JR,51.52634,-2.570503,2,147,0.00015467966,0.19557571,0.80426955
BS34 6JR,51.52634,-2.570503,3,197,5.832627e-05,0.082951196,0.9169905
BS34 6QA,51.52634,-2.570503,3,172,0.00012548291,0.6078911,0.39198345
BS34 6QA,51.52634,-2.570503,4,207,0.00010553895,0.0051631723,0.9947313
BS34 6QA,51.52634,-2.570503,5,162,0.0010098054,0.25215977,0.7468304
BS34 6QA,51.52634,-2.570503,6,263,0.0046568196,0.0067480714,0.98859507
BS34 6QA,51.52634,-2.570503,7,210,0.00043337798,0.10614163,0.89342505
BS34 6QA,51.52634,-2.570503,8,221,0.0007406539,0.07645782,0.9228015
BS34 6QA,51.52634,-2.570503,9,203,0.0011805999,0.83057505,0.16824433
BS34 6QA,51.52634,-2.570503,10,193,0.6845168,0.053521857,0.2619613
BS34 6QA,51.52634,-2.570503,11,167,0.011660086,0.18722552,0.8011144
BS34 6QA,51.52634,-2.570503,12,156,0.00080921856,0.072988875,0.92620194
BS34 6QA,51.52634,-2.570503,1,179,2.9671353e-05,0.047625743,0.95234454
BS34 6QA,51.52634,-2.570503,2,130,0.00016312292,0.94398326,0.0558536
BS34 6QA,51.52634,-2.570503,3,159,0.00013580656,0.5102387,0.4896255
BS34 6QB,51.52634,-2.570503,3,187,0.0001900079,0.42621988,0.5735901
BS34 6QB,51.52634,-2.570503,4,201,0.00047145155,0.038119555,0.96140903
BS34 6QB,51.52634,-2.570503,5,190,0.0072041075,0.95343673,0.03935918
BS34 6QB,51.52634,-2.570503,6,243,0.00027135073,0.002775988,0.99695265
BS34 6QB,51.52634,-2.570503,7,215,0.00025867103,0.051107418,0.94863385
BS34 6QB,51.52634,-2.570503,8,208,0.0014571751,0.29504815,0.7034947
BS34 6QB,51.52634,-2.570503,9,217,0.000288848,0.020592358,0.97911876
BS34 6QB,51.52634,-2.570503,10,200,0.013153158,0.191015,0.79583186
BS34 6QB,51.52634,-2.570503,11,163,0.009822568,0.4936333,0.49654415
BS34 6QB,51.52634,-2.570503,12,154,0.00080921856,0.072988875,0.92620194
BS34 6QB,51.52634,-2.570503,1,171,1.22255415e-05,0.004898705,0.9950891
BS34 6QB,51.52634,-2.570503,2,143,0.00012445022,0.13934451,0.86053103
BS34 6QB,51.52634,-2.570503,3,175,0.00016044038,0.5852438,0.41459575
BS34 6QD,51.52634,-2.570503,3,200,3.153346e-05,0.060641743,0.93932664
BS34 6QD,51.52634,-2.570503,4,210,0.00010553895,0.0051631723,0.9947313
BS34 6QD,51.52634,-2.570503,5,182,0.0004738011,0.90106136,0.09846481
BS34 6QD,51.52634,-2.570503,6,246,0.00027135073,0.002775988,0.99695265
BS34 6QD,51.52634,-2.570503,7,221,0.0011012898,0.910522,0.0883767
BS34 6QD,51.52634,-2.570503,8,219,0.00031997476,0.029900013,0.96978
BS34 6QD,51.52634,-2.570503,9,187,0.01580054,0.094501026,0.88969845
BS34 6QD,51.52634,-2.570503,10,183,0.1474949,0.29134178,0.5611633
BS34 6QD,51.52634,-2.570503,11,185,0.56340945,0.116727084,0.3198634
BS34 6QD,51.52634,-2.570503,12,177,0.00028136894,0.00462815,0.9950905
BS34 6QD,51.52634,-2.570503,1,187,1.0145571e-05,0.0011699754,0.9988199
BS34 6QD,51.52634,-2.570503,2,140,0.00012445022,0.13934451,0.86053103
BS34 6QD,51.52634,-2.570503,3,175,0.00016044038,0.5852438,0.41459575
BS4 2LB,51.429108,-2.557342,3,431,0.0005014776,0.029837001,0.96966153
BS4 2LB,51.429108,-2.557342,4,391,0.08285089,0.09888142,0.8182677
BS4 2LB,51.429108,-2.557342,5,423,0.8340844,0.033879045,0.13203655
BS4 2LB,51.429108,-2.557342,6,382,0.0002554549,0.25023636,0.7495082
BS4 2LB,51.429108,-2.557342,7,375,0.00031355908,0.04004874,0.95963776
BS4 2LB,51.429108,-2.557342,8,419,0.0052359467,0.070415884,0.9243481
BS4 2LB,51.429108,-2.557342,9,349,0.0007047964,0.09730414,0.90199107
BS4 2LB,51.429108,-2.557342,10,449,0.0003094777,0.9821661,0.017524455
BS4 2LB,51.429108,-2.557342,11,334,0.00023092612,0.68498814,0.31478095
BS4 2LB,51.429108,-2.557342,12,419,1.437147e-05,6.652434e-05,0.99991906
BS4 2LB,51.429108,-2.557342,1,389,0.000411279,0.087064534,0.9125242
BS4 2LB,51.429108,-2.557342,2,334,0.0006088636,0.5446964,0.45469475
BS4 2LB,51.429108,-2.557342,3,359,0.0006823225,0.18868676,0.8106309
BS4 2LD,51.429108,-2.557342,3,430,0.0033715086,0.06101198,0.93561655
BS4 2LD,51.429108,-2.557342,4,390,0.08285089,0.09888142,0.8182677
BS4 2LD,51.429108,-2.557342,5,426,0.62919766,0.06886697,0.30193537
BS4 2LD,51.429108,-2.557342,6,381,0.0002554549,0.25023636,0.7495082
BS4 2LD,51.429108,-2.557342,7,365,0.00048708255,0.36687344,0.63263947
BS4 2LD,51.429108,-2.557342,8,416,0.0047565536,0.07044982,0.92479366
BS4 2LD,51.429108,-2.557342,9,348,0.001396782,0.12944473,0.86915845
BS4 2LD,51.429108,-2.557342,10,433,0.0015082514,0.6291296,0.36936215
BS4 2LD,51.429108,-2.557342,11,334,0.00023092612,0.68498814,0.31478095
BS4 2LD,51.429108,-2.557342,12,405,3.9138224e-05,0.00024516226,0.9997156
BS4 2LD,51.429108,-2.557342,1,385,0.00049816724,0.29632017,0.7031817
BS4 2LD,51.429108,-2.557342,2,332,0.00027645545,0.15959668,0.8401269
BS4 2LD,51.429108,-2.557342,3,358,0.0006823225,0.18868676,0.8106309
BS4 2LE,51.429108,-2.557342,3,415,0.005823109,0.07766471,0.9165122
BS4 2LE,51.429108,-2.557342,4,379,0.18878613,0.17754659,0.63366723
BS4 2LE,51.429108,-2.557342,5,410,0.98925424,0.0025599857,0.008185711
BS4 2LE,51.429108,-2.557342,6,376,0.00032410183,0.32741734,0.67225856
BS4 2LE,51.429108,-2.557342,7,351,0.000690763,0.13663772,0.8626715
BS4 2LE,51.429108,-2.557342,8,402,0.0022213464,0.7019132,0.29586548
BS4 2LE,51.429108,-2.557342,9,332,0.00019803923,0.27667347,0.7231285
BS4 2LE,51.429108,-2.557342,10,417,0.0018827977,0.8194994,0.17861784
BS4 2LE,51.429108,-2.557342,11,316,0.00013949657,0.8223496,0.1775109
BS4 2LE,51.429108,-2.557342,12,397,1.9722298e-05,0.00024489302,0.9997354
BS4 2LE,51.429108,-2.557342,1,369,0.000597219,0.13568859,0.86371416
BS4 2LE,51.429108,-2.557342,2,327,0.00040202998,0.34904277,0.65055525
BS4 2LE,51.429108,-2.557342,3,347,0.0015083372,0.06332932,0.9351623
BS4 2LF,51.429108,-2.557342,3,416,0.0013332233,0.034534723,0.964132
BS4 2LF,51.429108,-2.557342,4,371,0.28677797,0.075108536,0.6381135
BS4 2LF,51.429108,-2.557342,5,404,0.9791368,0.011578527,0.009284583
BS4 2LF,51.429108,-2.557342,6,364,0.0003887208,0.33302376,0.66658753
BS4 2LF,51.429108,-2.557342,7,344,0.00087447674,0.5835163,0.41560924
BS4 2LF,51.429108,-2.557342,8,400,0.001794439,0.7833391,0.21486652
BS4 2LF,51.429108,-2.557342,9,330,0.00019803923,0.27667347,0.7231285
BS4 2LF,51.429108,-2.557342,10,422,0.0033645933,0.6192106,0.37742478
BS4 2LF,51.429108,-2.557342,11,316,0.00013949657,0.8223496,0.1775109
BS4 2LF,51.429108,-2.557342,12,399,1.9722298e-05,0.00024489302,0.9997354
BS4 2LF,51.429108,-2.557342,1,355,0.00040566572,0.087364174,0.9122302
BS4 2LF,51.429108,-2.557342,2,320,0.00044717977,0.1568495,0.8427033
BS4 2LF,51.429108,-2.557342,3,341,0.00097165664,0.17065114,0.8283772
BS4 2LH,51.429108,-2.557342,3,411,0.0010023868,0.052630622,0.94636697
BS4 2LH,51.429108,-2.557342,4,366,0.73724973,0.06538609,0.1973642
BS4 2LH,51.429108,-2.557342,5,407,0.98178184,0.010487385,0.0077308225
BS4 2LH,51.429108,-2.557342,6,354,0.00039380605,0.41252592,0.5870803
BS4 2LH,51.429108,-2.557342,7,342,0.0009892425,0.44248354,0.55652726
BS4 2LH,51.429108,-2.557342,8,401,0.0022213464,0.7019132,0.29586548
BS4 2LH,51.429108,-2.557342,9,328,0.0002262418,0.19396093,0.8058128
BS4 2LH,51.429108,-2.557342,10,414,0.0013217519,0.8766204,0.1220578
BS4 2LH,51.429108,-2.557342,11,307,0.00017406205,0.83627313,0.16355285
BS4 2LH,51.429108,-2.557342,12,398,1.9722298e-05,0.00024489302,0.9997354
BS4 2LH,51.429108,-2.557342,1,350,0.00056023995,0.08890417,0.91053563
BS4 2LH,51.429108,-2.557342,2,320,0.00044717977,0.1568495,0.8427033
BS4 2LH,51.429108,-2.557342,3,335,0.00043382493,0.47529405,0.5242721
BS4 2LJ,51.429108,-2.557342,3,416,0.0013332233,0.034534723,0.964132
BS4 2LJ,51.429108,-2.557342,4,371,0.28677797,0.075108536,0.6381135
BS4 2LJ,51.429108,-2.557342,5,415,0.94093156,0.010097725,0.04897077
BS4 2LJ,51.429108,-2.557342,6,361,0.00043867773,0.11833749,0.8812238
BS4 2LJ,51.429108,-2.557342,7,344,0.00087447674,0.5835163,0.41560924
BS4 2LJ,51.429108,-2.557342,8,398,0.0017716369,0.7733851,0.22484323
BS4 2LJ,51.429108,-2.557342,9,328,0.0002262418,0.19396093,0.8058128
BS4 2LJ,51.429108,-2.557342,10,432,0.0015082514,0.6291296,0.36936215
BS4 2LJ,51.429108,-2.557342,11,308,0.00017406205,0.83627313,0.16355285
BS4 2LJ,51.429108,-2.557342,12,400,1.9722298e-05,0.00024489302,0.9997354
BS4 2LJ,51.429108,-2.557342,1,356,0.0006465227,0.0759295,0.923424
BS4 2LJ,51.429108,-2.557342,2,325,0.00047008623,0.40812925,0.5914007
BS4 2LJ,51.429108,-2.557342,3,347,0.0015083372,0.06332932,0.9351623
BS4 2LL,51.429108,-2.557342,3,424,0.0015628136,0.07889164,0.9195456
BS4 2LL,51.429108,-2.557342,4,370,0.16093512,0.3928528,0.44621205
BS4 2LL,51.429108,-2.557342,5,420,0.8018354,0.01843224,0.17973232
BS4 2LL,51.429108,-2.557342,6,368,0.0003657438,0.31367618,0.68595815
BS4 2LL,51.429108,-2.557342,7,356,0.00044818604,0.22137119,0.7781806
BS4 2LL,51.429108,-2.557342,8,399,0.001794439,0.7833391,0.21486652
BS4 2LL,51.429108,-2.557342,9,326,0.00033937398,0.33383638,0.66582423
BS4 2LL,51.429108,-2.557342,10,439,0.0002716969,0.98435336,0.015374941
BS4 2LL,51.429108,-2.557342,11,317,0.00014177157,0.8386377,0.16122046
BS4 2LL,51.429108,-2.557342,12,402,1.9000221e-05,0.00027523006,0.99970573
BS4 2LL,51.429108,-2.557342,1,368,0.000597219,0.13568859,0.86371416
BS4 2LL,51.429108,-2.557342,2,323,0.00056786014,0.28502515,0.71440697
BS4 2LL,51.429108,-2.557342,3,348,0.0015083372,0.06332932,0.9351623
BS4 2LN,51.429108,-2.557342,3,411,0.0010023868,0.052630622,0.94636697
BS4 2LN,51.429108,-2.557342,4,362,0.73812777,0.051669918,0.21020228
BS4 2LN,51.429108,-2.557342,5,406,0.98178184,0.010487385,0.0077308225
BS4 2LN,51.429108,-2.557342,6,359,0.0004079531,0.15398389,0.8456082
BS4 2LN,51.429108,-2.557342,7,343,0.00087447674,0.5835163,0.41560924
BS4 2LN,51.429108,-2.557342,8,388,0.00041702468,0.29534814,0.70423484
BS4 2LN,51.429108,-2.557342,9,318,0.0001410016,0.8253065,0.17455249
BS4 2LN,51.429108,-2.557342,10,429,0.004290533,0.62737656,0.36833295
BS4 2LN,51.429108,-2.557342,11,311,0.00032720482,0.4210634,0.5786094
BS4 2LN,51.429108,-2.557342,12,395,2.6757469e-05,0.00058719557,0.9993861
BS4 2LN,51.429108,-2.557342,1,356,0.0006465227,0.0759295,0.923424
BS4 2LN,51.429108,-2.557342,2,315,0.00046717777,0.17801586,0.82151693
BS4 2LN,51.429108,-2.557342,3,340,0.0010932545,0.23017721,0.7687295
BS4 2NL,51.429108,-2.557342,3,424,0.0015628136,0.07889164,0.9195456
BS4 2NL,51.429108,-2.557342,4,384,0.18285002,0.10259211,0.7145579
BS4 2NL,51.429108,-2.557342,5,416,0.8227732,0.017148683,0.16007811
BS4 2NL,51.429108,-2.557342,6,369,0.0003657438,0.31367618,0.68595815
BS4 2NL,51.429108,-2.557342,7,362,0.00050383597,0.25081995,0.7486762
BS4 2NL,51.429108,-2.557342,8,413,0.0030045735,0.06143899,0.9355565
BS4 2NL,51.429108,-2.557342,9,338,0.00092919316,0.64875877,0.350312
BS4 2NL,51.429108,-2.557342,10,436,0.0002716969,0.98435336,0.015374941
BS4 2NL,51.429108,-2.557342,11,324,0.0002826987,0.5318453,0.46787202
BS4 2NL,51.429108,-2.557342,12,408,2.9467494e-05,0.00015027368,0.9998203
BS4 2NL,51.429108,-2.557342,1,374,0.00064206397,0.103494175,0.8958637
BS4 2NL,51.429108,-2.557342,2,323,0.00056786014,0.28502515,0.71440697
BS4 2NL,51.429108,-2.557342,3,351,0.00056577055,0.07263038,0.9268038
BS4 2NN,51.429108,-2.557342,3,428,0.0033715086,0.06101198,0.93561655
BS4 2NN,51.429108,-2.557342,4,384,0.18285002,0.10259211,0.7145579
BS4 2NN,51.429108,-2.557342,5,413,0.72598124,0.02747783,0.24654089
BS4 2NN,51.429108,-2.557342,6,372,0.0003456728,0.04562724,0.95402706
BS4 2NN,51.429108,-2.557342,7,360,0.0005020628,0.2356041,0.7638938
BS4 2NN,51.429108,-2.557342,8,409,0.009800529,0.1430617,0.84713775
BS4 2NN,51.429108,-2.557342,9,335,0.00047865824,0.55382043,0.44570094
BS4 2NN,51.429108,-2.557342,10,437,0.0002716969,0.98435336,0.015374941
BS4 2NN,51.429108,-2.557342,11,320,0.00029498406,0.42204785,0.5776571
BS4 2NN,51.429108,-2.557342,12,399,1.9722298e-05,0.00024489302,0.9997354
BS4 2NN,51.429108,-2.557342,1,384,0.00049816724,0.29632017,0.7031817
BS4 2NN,51.429108,-2.557342,2,323,0.00056786014,0.28502515,0.71440697
BS4 2NN,51.429108,-2.557342,3,352,0.00037334123,0.091074415,0.9085522
BS5 7AA,51.460097,-2.552782,3,581,0.010919847,0.15436648,0.8347137
BS5 7AA,51.460097,-2.552782,4,655,0.22391117,0.39253205,0.38355675
BS5 7AA,51.460097,-2.552782,5,640,0.3636691,0.1330413,0.5032896
BS5 7AA,51.460097,-2.552782,6,654,0.08678272,0.5746702,0.33854708
BS5 7AA,51.460097,-2.552782,7,701,0.7397309,0.017497221,0.24277188
BS5 7AA,51.460097,-2.552782,8,767,0.4013122,0.031622835,0.56706494
BS5 7AA,51.460097,-2.552782,9,667,0.82569355,0.014187468,0.16011903
BS5 7AA,51.460097,-2.552782,10,701,0.046063527,0.19131467,0.7626218
BS5 7AA,51.460097,-2.552782,11,582,0.0003292381,0.015089009,0.98458177
BS5 7AA,51.460097,-2.552782,12,543,2.077034e-06,5.3957538e-05,0.999944
BS5 7AA,51.460097,-2.552782,1,612,0.019734006,0.31903732,0.66122866
BS5 7AA,51.460097,-2.552782,2,536,0.0056313784,0.009807993,0.9845606
BS5 7AA,51.460097,-2.552782,3,609,0.012166041,0.045498,0.94233596
BS5 7AB,51.473961,-2.562481,3,617,0.026498372,0.06221247,0.91128916
BS5 7AB,51.473961,-2.562481,4,701,0.86663365,0.041869514,0.09149689
BS5 7AB,51.473961,-2.562481,5,691,0.053187393,0.08479889,0.8620137
BS5 7AB,51.473961,-2.562481,6,692,0.045404505,0.076029904,0.87856555
BS5 7AB,51.473961,-2.562481,7,734,0.08084248,0.08180564,0.8373519
BS5 7AB,51.473961,-2.562481,8,810,0.11362045,0.02479274,0.8615868
BS5 7AB,51.473961,-2.562481,9,723,0.88767755,0.0053841877,0.10693821
BS5 7AB,51.473961,-2.562481,10,756,0.018866753,0.07069082,0.9104424
BS5 7AB,51.473961,-2.562481,11,631,0.0037668194,0.015185234,0.98104787
BS5 7AB,51.473961,-2.562481,12,581,1.075143e-05,0.0004870262,0.9995022
BS5 7AB,51.473961,-2.562481,1,656,0.0043112966,0.16995034,0.8257383
BS5 7AB,51.473961,-2.562481,2,572,0.26317537,0.11268848,0.62413615
BS5 7AB,51.473961,-2.562481,3,660,0.042927258,0.78997374,0.16709901
BS5 7AD,51.473961,-2.562481,3,599,0.00086274656,0.06393634,0.93520087
BS5 7AD,51.473961,-2.562481,4,685,0.06352184,0.1913869,0.7450912
BS5 7AD,51.473961,-2.562481,5,669,0.22061962,0.13704212,0.6423383
BS5 7AD,51.473961,-2.562481,6,680,0.06312219,0.112060964,0.8248168
BS5 7AD,51.473961,-2.562481,7,721,0.16156326,0.0151204085,0.82331634
BS5 7AD,51.473961,-2.562481,8,795,0.06921834,0.13548857,0.79529303
BS5 7AD,51.473961,-2.562481,9,696,0.90598613,0.008081996,0.08593189
BS5 7AD,51.473961,-2.562481,10,732,0.029663732,0.05929893,0.9110374
BS5 7AD,51.473961,-2.562481,11,623,0.0039706873,0.02545107,0.97057825
BS5 7AD,51.473961,-2.562481,12,565,1.9153233e-06,4.9045393e-05,0.999949
BS5 7AD,51.473961,-2.562481,1,640,0.005235445,0.032580696,0.9621839
BS5 7AD,51.473961,-2.562481,2,569,0.013870779,0.13969341,0.8464358
BS5 7AD,51.473961,-2.562481,3,653,0.3662906,0.21367198,0.4200374
BS5 7AE,51.473961,-2.562481,3,601,0.00086274656,0.06393634,0.93520087
BS5 7AE,51.473961,-2.562481,4,680,0.06352184,0.1913869,0.7450912
BS5 7AE,51.473961,-2.562481,5,671,0.22061962,0.13704212,0.6423383
BS5 7AE,51.473961,-2.562481,6,672,0.12187234,0.11293161,0.7651961
BS5 7AE,51.473961,-2.562481,7,725,0.16156326,0.0151204085,0.82331634
BS5 7AE,51.473961,-2.562481,8,796,0.06921834,0.13548857,0.79529303
BS5 7AE,51.473961,-2.562481,9,695,0.90598613,0.008081996,0.08593189
BS5 7AE,51.473961,-2.562481,10,725,0.044832587,0.04783393,0.90733343
BS5 7AE,51.473961,-2.562481,11,612,0.0016974735,0.004696257,0.9936062
BS5 7AE,51.473961,-2.562481,12,553,2.077034e-06,5.3957538e-05,0.999944
BS5 7AE,51.473961,-2.562481,1,642,0.026526298,0.04322596,0.9302478
BS5 7AE,51.473961,-2.562481,2,569,0.013870779,0.13969341,0.8464358
BS5 7AE,51.473961,-2.562481,3,652,0.3662906,0.21367198,0.4200374
BS5 7AF,51.473961,-2.562481,3,604,0.00086274656,0.06393634,0.93520087
BS5 7AF,51.473961,-2.562481,4,686,0.06352184,0.1913869,0.7450912
BS5 7AF,51.473961,-2.562481,5,679,0.06257573,0.14068891,0.79673535
BS5 7AF,51.473961,-2.562481,6,687,0.06312219,0.112060964,0.8248168
BS5 7AF,51.473961,-2.562481,7,731,0.07074543,0.038491953,0.89076257
BS5 7AF,51.473961,-2.562481,8,817,0.11362045,0.02479274,0.8615868
BS5 7AF,51.473961,-2.562481,9,711,0.9589155,0.0019114091,0.039173074
BS5 7AF,51.473961,-2.562481,10,734,0.018955981,0.052461818,0.9285822
BS5 7AF,51.473961,-2.562481,11,614,0.0016974735,0.004696257,0.9936062
BS5 7AF,51.473961,-2.562481,12,562,1.9153233e-06,4.9045393e-05,0.999949
BS5 7AF,51.473961,-2.562481,1,643,0.026526298,0.04322596,0.9302478
BS5 7AF,51.473961,-2.562481,2,575,0.26317537,0.11268848,0.62413615
BS5 7AF,51.473961,-2.562481,3,671,0.10025143,0.7929672,0.10678137
BS5 7AG,51.473961,-2.562481,3,608,0.012166041,0.045498,0.94233596
BS5 7AG,51.473961,-2.562481,4,691,0.063921705,0.100362524,0.8357158
BS5 7AG,51.473961,-2.562481,5,679,0.06257573,0.14068891,0.79673535
BS5 7AG,51.473961,-2.562481,6,689,0.046341714,0.056957975,0.8967003
BS5 7AG,51.473961,-2.562481,7,734,0.08084248,0.08180564,0.8373519
BS5 7AG,51.473961,-2.562481,8,814,0.11362045,0.02479274,0.8615868
BS5 7AG,51.473961,-2.562481,9,711,0.9589155,0.0019114091,0.039173074
BS5 7AG,51.473961,-2.562481,10,742,0.018955981,0.052461818,0.9285822
BS5 7AG,51.473961,-2.562481,11,623,0.0039706873,0.02545107,0.97057825
BS5 7AG,51.473961,-2.562481,12,572,2.7910476e-06,8.930666e-05,0.99990785
BS5 7AG,51.473961,-2.562481,1,655,0.0043112966,0.16995034,0.8257383
BS5 7AG,51.473961,-2.562481,2,576,0.26317537,0.11268848,0.62413615
BS5 7AG,51.473961,-2.562481,3,679,0.023625886,0.829094,0.14728016
BS5 7AH,51.473961,-2.562481,3,630,0.03536865,0.38007742,0.58455396
BS5 7AH,51.473961,-2.562481,4,728,0.010606643,0.26519135,0.72420204
BS5 7AH,51.473961,-2.562481,5,680,0.05843183,0.16367604,0.7778921
BS5 7AH,51.473961,-2.562481,6,697,0.21210971,0.13730286,0.65058744
BS5 7AH,51.473961,-2.562481,7,733,0.07074543,0.038491953,0.89076257
BS5 7AH,51.473961,-2.562481,8,828,0.066803776,0.84182125,0.09137495
BS5 7AH,51.473961,-2.562481,9,718,0.81042486,0.0075573977,0.1820177
BS5 7AH,51.473961,-2.562481,10,765,0.17567177,0.16114421,0.66318405
BS5 7AH,51.473961,-2.562481,11,652,0.0054818615,0.013880742,0.98063743
BS5 7AH,51.473961,-2.562481,12,585,1.075143e-05,0.0004870262,0.9995022
BS5 7AH,51.473961,-2.562481,1,664,0.007689346,0.23175873,0.7605519
BS5 7AH,51.473961,-2.562481,2,599,0.10162958,0.15457986,0.7437905
BS5 7AH,51.473961,-2.562481,3,681,0.019700848,0.58781326,0.3924859
BS5 7AL,51.473961,-2.562481,3,632,0.03536865,0.38007742,0.58455396
BS5 7AL,51.473961,-2.562481,4,715,0.037292086,0.06566708,0.8970408
BS5 7AL,51.473961,-2.562481,5,681,0.05843183,0.16367604,0.7778921
BS5 7AL,51.473961,-2.562481,6,693,0.045404505,0.076029904,0.87856555
BS5 7AL,51.473961,-2.562481,7,736,0.08084248,0.08180564,0.8373519
BS5 7AL,51.473961,-2.562481,8,834,0.093159504,0.7321646,0.17467588
BS5 7AL,51.473961,-2.562481,9,734,0.6262462,0.021047035,0.35270676
BS5 7AL,51.473961,-2.562481,10,766,0.17567177,0.16114421,0.66318405
BS5 7AL,51.473961,-2.562481,11,647,0.04099579,0.00845001,0.95055413
BS5 7AL,51.473961,-2.562481,12,587,1.075143e-05,0.0004870262,0.9995022
BS5 7AL,51.473961,-2.562481,1,668,0.020878932,0.16589062,0.81323045
BS5 7AL,51.473961,-2.562481,2,600,0.10162958,0.15457986,0.7437905
BS5 7AL,51.473961,-2.562481,3,696,0.3465423,0.16621293,0.48724478
BS5 7AQ,51.473961,-2.562481,3,638,0.02939471,0.0997368,0.87086844
BS5 7AQ,51.473961,-2.562481,4,734,0.0140421055,0.47753173,0.50842613
BS5 7AQ,51.473961,-2.562481,5,688,0.053187393,0.08479889,0.8620137
BS5 7AQ,51.473961,-2.562481,6,707,0.5213013,0.08420173,0.39449695
BS5 7AQ,51.473961,-2.562481,7,743,0.08084248,0.08180564,0.8373519
BS5 7AQ,51.473961,-2.562481,8,839,0.55413425,0.1528287,0.29303712
BS5 7AQ,51.473961,-2.562481,9,731,0.7262199,0.015847081,0.25793302
BS5 7AQ,51.473961,-2.562481,10,771,0.052992966,0.0871108,0.85989624
BS5 7AQ,51.473961,-2.562481,11,650,0.0054818615,0.013880742,0.98063743
BS5 7AQ,51.473961,-2.562481,12,593,1.1183591e-05,0.0006123928,0.9993765
BS5 7AQ,51.473961,-2.562481,1,667,0.020878932,0.16589062,0.81323045
BS5 7AQ,51.473961,-2.562481,2,608,0.47153452,0.03987742,0.4885881
BS5 7AQ,51.473961,-2.562481,3,684,0.019700848,0.58781326,0.3924859
BS5 7BD,51.473961,-2.562481,3,628,0.07119159,0.44654655,0.4822619
BS5 7BD,51.473961,-2.562481,4,730,0.010606643,0.26519135,0.72420204
BS5 7BD,51.473961,-2.562481,5,687,0.05843183,0.16367604,0.7778921
BS5 7BD,51.473961,-2.562481,6,696,0.21210971,0.13730286,0.65058744
BS5 7BD,51.473961,-2.562481,7,735,0.08084248,0.08180564,0.8373519
BS5 7BD,51.473961,-2.562481,8,818,0.11362045,0.02479274,0.8615868
BS5 7BD,51.473961,-2.562481,9,722,0.88767755,0.0053841877,0.10693821
BS5 7BD,51.473961,-2.562481,10,757,0.17567177,0.16114421,0.66318405
BS5 7BD,51.473961,-2.562481,11,629,0.0037668194,0.015185234,0.98104787
BS5 7BD,51.473961,-2.562481,12,583,1.075143e-05,0.0004870262,0.9995022
BS5 7BD,51.473961,-2.562481,1,658,0.012741582,0.39570954,0.59154886
BS5 7BD,51.473961,-2.562481,2,591,0.1752128,0.27209792,0.55268925
BS5 7BD,51.473961,-2.562481,3,669,0.10025143,0.7929672,0.10678137
BS6 6RA,51.45821,-2.587749,3,826,0.0033233645,0.9845856,0.0120910825
BS6 6RA,51.45821,-2.587749,4,802,0.064100206,0.57794046,0.35795936
BS6 6RA,51.45821,-2.587749,5,903,0.82241833,0.15826964,0.019312019
BS6 6RA,51.45821,-2.587749,6,853,0.43715423,0.4989761,0.06386964
BS6 6RA,51.45821,-2.587749,7,845,0.29638034,0.6656076,0.0380121
BS6 6RA,51.45821,-2.587749,8,888,0.17510876,0.16288716,0.6620041
BS6 6RA,51.45821,-2.587749,9,769,0.5815366,0.0335578,0.38490564
BS6 6RA,51.45821,-2.587749,10,836,0.015451746,0.9001126,0.08443561
BS6 6RA,51.45821,-2.587749,11,735,0.00068230147,0.00039559611,0.9989221
BS6 6RA,51.45821,-2.587749,12,657,5.0822186e-05,0.001432144,0.9985171
BS6 6RA,51.45821,-2.587749,1,756,0.0005037887,0.9755062,0.02399
BS6 6RA,51.45821,-2.587749,2,701,0.9945808,0.004657145,0.0007620321
BS6 6RA,51.45821,-2.587749,3,757,0.004362021,0.35048467,0.6451533
BS6 6RB,51.456677,-2.592162,3,876,0.023967493,0.9643364,0.011696167
BS6 6RB,51.456677,-2.592162,4,877,0.08242867,0.90230864,0.015262724
BS6 6RB,51.456677,-2.592162,5,1015,0.13616642,0.84833366,0.01549998
BS6 6RB,51.456677,-2.592162,6,947,0.012389397,0.9821438,0.0054667634
BS6 6RB,51.456677,-2.592162,7,907,0.013539298,0.9824494,0.0040112915
BS6 6RB,51.456677,-2.592162,8,986,0.013377322,0.94992596,0.03669673
BS6 6RB,51.456677,-2.592162,9,838,0.48585027,0.173364,0.3407858
BS6 6RB,51.456677,-2.592162,10,919,0.004089658,0.9785678,0.017342608
BS6 6RB,51.456677,-2.592162,11,821,0.001210935,0.00058944256,0.9981996
BS6 6RB,51.456677,-2.592162,12,720,5.684973e-05,1.4011612e-05,0.9999292
BS6 6RB,51.456677,-2.592162,1,833,0.00028890374,0.9987361,0.0009750631
BS6 6RB,51.456677,-2.592162,2,781,0.027552247,0.963531,0.008916726
BS6 6RB,51.456677,-2.592162,3,830,0.0033233645,0.9845856,0.0120910825
BS6 7BB,51.459258,-2.592109,3,785,0.016505508,0.55300677,0.43048772
BS6 7BB,51.459258,-2.592109,4,759,0.02125037,0.33822766,0.640522
BS6 7BB,51.459258,-2.592109,5,853,0.84870726,0.11516753,0.036125254
BS6 7BB,51.459258,-2.592109,6,811,0.48680568,0.16589706,0.3472973
BS6 7BB,51.459258,-2.592109,7,796,0.051943954,0.7568276,0.19122843
BS6 7BB,51.459258,-2.592109,8,849,0.40765908,0.2538994,0.33844152
BS6 7BB,51.459258,-2.592109,9,727,0.7262199,0.015847081,0.25793302
BS6 7BB,51.459258,-2.592109,10,760,0.17567177,0.16114421,0.66318405
BS6 7BB,51.459258,-2.592109,11,688,0.0019525768,0.00045139028,0.99759597
BS6 7BB,51.459258,-2.592109,12,640,0.001310886,0.00019049001,0.9984987
BS6 7BB,51.459258,-2.592109,1,692,0.001291834,0.9852836,0.013424517
BS6 7BB,51.459258,-2.592109,2,670,0.80761105,0.18113932,0.01124966
BS6 7BB,51.459258,-2.592109,3,712,0.2123437,0.08694456,0.7007117
BS6 7DP,51.45821,-2.587749,3,828,0.0033233645,0.9845856,0.0120910825
BS6 7DP,51.45821,-2.587749,4,802,0.064100206,0.57794046,0.35795936
BS6 7DP,51.45821,-2.587749,5,902,0.82241833,0.15826964,0.019312019
BS6 7DP,51.45821,-2.587749,6,849,0.4651954,0.49563175,0.039172903
BS6 7DP,51.45821,-2.587749,7,840,0.5044576,0.44989637,0.04564599
BS6 7DP,51.45821,-2.587749,8,886,0.17510876,0.16288716,0.6620041
BS6 7DP,51.45821,-2.587749,9,769,0.5815366,0.0335578,0.38490564
BS6 7DP,51.45821,-2.587749,10,825,0.010163806,0.9493204,0.040515844
BS6 7DP,51.45821,-2.587749,11,736,0.00068230147,0.00039559611,0.9989221
BS6 7DP,51.45821,-2.587749,12,665,2.1674774e-05,0.00010206359,0.99987626
BS6 7DP,51.45821,-2.587749,1,757,0.0010226332,0.95767057,0.04130681
BS6 7DP,51.45821,-2.587749,2,695,0.96916294,0.026893258,0.0039437916
BS6 7DP,51.45821,-2.587749,3,751,0.0029282537,0.48649162,0.5105801
BS6 7DX,51.459258,-2.592109,3,764,0.004362021,0.35048467,0.6451533
BS6 7DX,51.459258,-2.592109,4,735,0.0140421055,0.47753173,0.50842613
BS6 7DX,51.459258,-2.592109,5,834,0.36060712,0.539744,0.09964885
BS6 7DX,51.459258,-2.592109,6,799,0.026173368,0.8478328,0.12599385
BS6 7DX,51.459258,-2.592109,7,778,0.17877711,0.336247,0.48497584
BS6 7DX,51.459258,-2.592109,8,838,0.55413425,0.1528287,0.29303712
BS6 7DX,51.459258,-2.592109,9,716,0.81042486,0.0075573977,0.1820177
BS6 7DX,51.459258,-2.592109,10,751,0.018866753,0.07069082,0.9104424
BS6 7DX,51.459258,-2.592109,11,665,0.0007433647,0.0035414652,0.9957152
BS6 7DX,51.459258,-2.592109,12,628,9.5984105e-05,0.0006080996,0.99929595
BS6 7DX,51.459258,-2.592109,1,692,0.001291834,0.9852836,0.013424517
BS6 7DX,51.459258,-2.592109,2,650,0.9681322,0.014314863,0.017552909
BS6 7DX,51.459258,-2.592109,3,690,0.032570973,0.35608748,0.61134154
BS6 7DY,51.459258,-2.592109,3,717,0.009270329,0.067019336,0.92371035
BS6 7DY,51.459258,-2.592109,4,706,0.86663365,0.041869514,0.09149689
BS6 7DY,51.459258,-2.592109,5,777,0.5285487,0.2504009,0.22105043
BS6 7DY,51.459258,-2.592109,6,743,0.06475957,0.26923606,0.66600436
BS6 7DY,51.459258,-2.592109,7,727,0.07074543,0.038491953,0.89076257
BS6 7DY,51.459258,-2.592109,8,763,0.4013122,0.031622835,0.56706494
BS6 7DY,51.459258,-2.592109,9,634,0.4577881,0.22142798,0.32078388
BS6 7DY,51.459258,-2.592109,10,677,0.063475356,0.09934779,0.8371769
BS6 7DY,51.459258,-2.592109,11,626,0.0039706873,0.02545107,0.97057825
BS6 7DY,51.459258,-2.592109,12,571,1.9153233e-06,4.9045393e-05,0.999949
BS6 7DY,51.459258,-2.592109,1,595,0.0066635287,0.7390803,0.25425616
BS6 7DY,51.459258,-2.592109,2,591,0.1752128,0.27209792,0.55268925
BS6 7DY,51.459258,-2.592109,3,638,0.02939471,0.0997368,0.87086844
BS6 7DZ,51.459258,-2.592109,3,694,0.022737717,0.5504864,0.42677593
BS6 7DZ,51.459258,-2.592109,4,680,0.06352184,0.1913869,0.7450912
BS6 7DZ,51.459258,-2.592109,5,737,0.11369481,0.39052084,0.49578437
BS6 7DZ,51.459258,-2.592109,6,711,0.5134351,0.04026065,0.44630423
BS6 7DZ,51.459258,-2.592109,7,699,0.49022284,0.03391184,0.4758653
BS6 7DZ,51.459258,-2.592109,8,739,0.36986205,0.021527804,0.60861015
BS6 7DZ,51.459258,-2.592109,9,610,0.03365918,0.05889494,0.9074459
BS6 7DZ,51.459258,-2.592109,10,658,0.0022721633,0.9891388,0.00858912
BS6 7DZ,51.459258,-2.592109,11,596,0.00046508337,0.02576584,0.9737691
BS6 7DZ,51.459258,-2.592109,12,527,2.077034e-06,5.3957538e-05,0.999944
BS6 7DZ,51.459258,-2.592109,1,569,0.0025104578,0.8474768,0.15001276
BS6 7DZ,51.459258,-2.592109,2,574,0.26317537,0.11268848,0.62413615
BS6 7DZ,51.459258,-2.592109,3,605,0.012166041,0.045498,0.94233596
BS6 7EA,51.459258,-2.592109,3,680,0.019700848,0.58781326,0.3924859
BS6 7EA,51.459258,-2.592109,4,660,0.28937984,0.5614176,0.1492026
BS6 7EA,51.459258,-2.592109,5,732,0.08511751,0.21494827,0.69993424
BS6 7EA,51.459258,-2.592109,6,697,0.21210971,0.13730286,0.65058744
BS6 7EA,51.459258,-2.592109,7,683,0.14544386,0.03313956,0.82141656
BS6 7EA,51.459258,-2.592109,8,724,0.6660945,0.00828647,0.32561904
BS6 7EA,51.459258,-2.592109,9,601,0.0016161152,0.084465414,0.91391844
BS6 7EA,51.459258,-2.592109,10,654,0.006607517,0.9674594,0.025933169
BS6 7EA,51.459258,-2.592109,11,577,8.652214e-05,0.0028009696,0.9971125
BS6 7EA,51.459258,-2.592109,12,508,2.077034e-06,5.3957538e-05,0.999944
BS6 7EA,51.459258,-2.592109,1,561,0.0024721632,0.48075232,0.5167755
BS6 7EA,51.459258,-2.592109,2,559,0.005589972,0.033683434,0.96072656
BS6 7EA,51.459258,-2.592109,3,595,0.001545669,0.16383672,0.8346176
BS6 7EE,51.459258,-2.592109,3,777,0.009144989,0.74708664,0.24376832
BS6 7EE,51.459258,-2.592109,4,747,0.014642792,0.46503606,0.52032113
BS6 7EE,51.459258,-2.592109,5,839,0.9392254,0.047232598,0.0135420365
BS6 7EE,51.459258,-2.592109,6,794,0.047204282,0.7820261,0.17076957
BS6 7EE,51.459258,-2.592109,7,784,0.08565867,0.60223997,0.3121014
BS6 7EE,51.459258,-2.592109,8,846,0.40765908,0.2538994,0.33844152
BS6 7EE,51.459258,-2.592109,9,729,0.7262199,0.015847081,0.25793302
BS6 7EE,51.459258,-2.592109,10,778,0.052992966,0.0871108,0.85989624
BS6 7EE,51.459258,-2.592109,11,677,0.0016793496,0.00057092466,0.99774975
BS6 7EE,51.459258,-2.592109,12,608,1.5597627e-05,7.973637e-05,0.99990463
BS6 7EE,51.459258,-2.592109,1,696,0.02078763,0.94471616,0.03449617
BS6 7EE,51.459258,-2.592109,2,655,0.22892742,0.62638944,0.14468314
BS6 7EE,51.459258,-2.592109,3,714,0.009270329,0.067019336,0.92371035
BS6 7EG,51.459258,-2.592109,3,727,0.002651973,0.24728881,0.75005925
BS6 7EG,51.459258,-2.592109,4,701,0.86663365,0.041869514,0.09149689
BS6 7EG,51.459258,-2.592109,5,781,0.5285487,0.2504009,0.22105043
BS6 7EG,51.459258,-2.592109,6,752,0.06391252,0.41193116,0.52415633
BS6 7EG,51.459258,-2.592109,7,725,0.16156326,0.0151204085,0.82331634
BS6 7EG,51.459258,-2.592109,8,794,0.08733562,0.07967431,0.83299005
BS6 7EG,51.459258,-2.592109,9,656,0.5659766,0.17435837,0.25966504
BS6 7EG,51.459258,-2.592109,10,701,0.046063527,0.19131467,0.7626218
BS6 7EG,51.459258,-2.592109,11,628,0.0039706873,0.02545107,0.97057825
BS6 7EG,51.459258,-2.592109,12,583,1.075143e-05,0.0004870262,0.9995022
BS6 7EG,51.459258,-2.592109,1,627,0.026255857,0.665207,0.3085371
BS6 7EG,51.459258,-2.592109,2,614,0.79812324,0.019437935,0.18243887
BS6 7EG,51.459258,-2.592109,3,639,0.02939471,0.0997368,0.87086844
BS7 0AD,51.48062,-2.590662,3,421,0.0011591272,0.033115126,0.9657258
BS7 0AD,51.48062,-2.590662,4,391,0.08285089,0.09888142,0.8182677
BS7 0AD,51.48062,-2.590662,5,426,0.62919766,0.06886697,0.30193537
BS7 0AD,51.48062,-2.590662,6,447,0.0010376855,0.034087252,0.96487504
BS7 0AD,51.48062,-2.590662,7,420,0.004703731,0.08278083,0.9125154
BS7 0AD,51.48062,-2.590662,8,490,0.00054809236,0.014307946,0.98514396
BS7 0AD,51.48062,-2.590662,9,424,0.00575067,0.2654167,0.72883266
BS7 0AD,51.48062,-2.590662,10,433,0.0015082514,0.6291296,0.36936215
BS7 0AD,51.48062,-2.590662,11,404,0.0012232591,0.007752393,0.9910244
BS7 0AD,51.48062,-2.590662,12,416,1.3046194e-05,0.00031026194,0.9996767
BS7 0AD,51.48062,-2.590662,1,425,0.0010774984,0.014520423,0.98440206
BS7 0AD,51.48062,-2.590662,2,374,0.0017708716,0.07023621,0.92799294
BS7 0AD,51.48062,-2.590662,3,440,0.00044129317,0.033591755,0.965967
BS7 0AG,51.48062,-2.590662,3,419,0.0014681023,0.034530062,0.96400183
BS7 0AG,51.48062,-2.590662,4,385,0.18285002,0.10259211,0.7145579
BS7 0AG,51.48062,-2.590662,5,428,0.62919766,0.06886697,0.30193537
BS7 0AG,51.48062,-2.590662,6,447,0.0010376855,0.034087252,0.96487504
BS7 0AG,51.48062,-2.590662,7,431,0.002353972,0.29859427,0.6990518
BS7 0AG,51.48062,-2.590662,8,494,0.00054809236,0.014307946,0.98514396
BS7 0AG,51.48062,-2.590662,9,440,0.0028508464,0.6945349,0.3026142
BS7 0AG,51.48062,-2.590662,10,430,0.004290533,0.62737656,0.36833295
BS7 0AG,51.48062,-2.590662,11,416,0.00042606465,0.010251436,0.9893225
BS7 0AG,51.48062,-2.590662,12,416,1.3046194e-05,0.00031026194,0.9996767
BS7 0AG,51.48062,-2.590662,1,416,0.00034967417,0.008274487,0.99137586
BS7 0AG,51.48062,-2.590662,2,364,0.0018637481,0.06767944,0.9304568
BS7 0AG,51.48062,-2.590662,3,447,0.00033676752,0.022455612,0.9772076
BS7 0AQ,51.48062,-2.590662,3,414,0.0018836558,0.28207865,0.7160377
BS7 0AQ,51.48062,-2.590662,4,384,0.18285002,0.10259211,0.7145579
BS7 0AQ,51.48062,-2.590662,5,425,0.62919766,0.06886697,0.30193537
BS7 0AQ,51.48062,-2.590662,6,441,0.0014047984,0.052680645,0.94591457
BS7 0AQ,51.48062,-2.590662,7,425,0.005259488,0.37345296,0.6212876
BS7 0AQ,51.48062,-2.590662,8,489,0.00054809236,0.014307946,0.98514396
BS7 0AQ,51.48062,-2.590662,9,434,0.0027955202,0.34023297,0.6569715
BS7 0AQ,51.48062,-2.590662,10,428,0.004290533,0.62737656,0.36833295
BS7 0AQ,51.48062,-2.590662,11,407,0.0010123403,0.0070268274,0.9919608
BS7 0AQ,51.48062,-2.590662,12,410,2.9467494e-05,0.00015027368,0.9998203
BS7 0AQ,51.48062,-2.590662,1,412,0.0002806243,0.012415744,0.9873037
BS7 0AQ,51.48062,-2.590662,2,364,0.0018637481,0.06767944,0.9304568
BS7 0AQ,51.48062,-2.590662,3,442,0.00033676752,0.022455612,0.9772076
BS7 9PR,51.48062,-2.590662,3,412,0.0010023868,0.052630622,0.94636697
BS7 9PR,51.48062,-2.590662,4,372,0.28677797,0.075108536,0.6381135
BS7 9PR,51.48062,-2.590662,5,424,0.8340844,0.033879045,0.13203655
BS7 9PR,51.48062,-2.590662,6,432,0.0018107715,0.053076066,0.9451132
BS7 9PR,51.48062,-2.590662,7,411,0.0032815686,0.07229366,0.9244247
BS7 9PR,51.48062,-2.590662,8,496,0.00054809236,0.014307946,0.98514396
BS7 9PR,51.48062,-2.590662,9,410,0.010291335,0.15412416,0.83558446
BS7 9PR,51.48062,-2.590662,10,417,0.0018827977,0.8194994,0.17861784
BS7 9PR,51.48062,-2.590662,11,395,0.00081315363,0.035910398,0.96327645
BS7 9PR,51.48062,-2.590662,12,416,1.3046194e-05,0.00031026194,0.9996767
BS7 9PR,51.48062,-2.590662,1,416,0.00034967417,0.008274487,0.99137586
BS7 9PR,51.48062,-2.590662,2,373,0.0017708716,0.07023621,0.92799294
BS7 9PR,51.48062,-2.590662,3,443,0.00033676752,0.022455612,0.9772076
BS7 9PS,51.48062,-2.590662,3,399,0.0083722845,0.19802801,0.79359967
BS7 9PS,51.48062,-2.590662,4,375,0.10678755,0.03446879,0.8587436
BS7 9PS,51.48062,-2.590662,5,421,0.8018354,0.01843224,0.17973232
BS7 9PS,51.48062,-2.590662,6,429,0.0057202596,0.32164094,0.6726388
BS7 9PS,51.48062,-2.590662,7,404,0.008058647,0.34135586,0.65058553
BS7 9PS,51.48062,-2.590662,8,481,0.00054809236,0.014307946,0.98514396
BS7 9PS,51.48062,-2.590662,9,410,0.010291335,0.15412416,0.83558446
BS7 9PS,51.48062,-2.590662,10,411,0.0034450132,0.5122908,0.48426422
BS7 9PS,51.48062,-2.590662,11,393,8.0564714e-05,0.0022770637,0.99764234
BS7 9PS,51.48062,-2.590662,12,407,3.2360276e-05,0.00022201381,0.99974567
BS7 9PS,51.48062,-2.590662,1,414,0.0006477739,0.0817403,0.9176119
BS7 9PS,51.48062,-2.590662,2,372,0.0017708716,0.07023621,0.92799294
BS7 9PS,51.48062,-2.590662,3,436,0.00044129317,0.033591755,0.965967
BS7 9PT,51.48062,-2.590662,3,404,0.009248392,0.5125521,0.4781995
BS7 9PT,51.48062,-2.590662,4,379,0.18878613,0.17754659,0.63366723
BS7 9PT,51.48062,-2.590662,5,412,0.72598124,0.02747783,0.24654089
BS7 9PT,51.48062,-2.590662,6,434,0.0018107715,0.053076066,0.9451132
BS7 9PT,51.48062,-2.590662,7,407,0.008437741,0.4258962,0.565666
BS7 9PT,51.48062,-2.590662,8,488,0.00054809236,0.014307946,0.98514396
BS7 9PT,51.48062,-2.590662,9,410,0.010291335,0.15412416,0.83558446
BS7 9PT,51.48062,-2.590662,10,421,0.004360431,0.44870675,0.5469328
BS7 9PT,51.48062,-2.590662,11,397,0.00061209453,0.0152949095,0.98409295
BS7 9PT,51.48062,-2.590662,12,414,1.340025e-05,0.00048559508,0.999501
BS7 9PT,51.48062,-2.590662,1,421,0.00033093643,0.0079242075,0.9917448
BS7 9PT,51.48062,-2.590662,2,378,0.0022451037,0.123350084,0.87440485
BS7 9PT,51.48062,-2.590662,3,441,0.00044129317,0.033591755,0.965967
BS7 9RF,51.48062,-2.590662,3,410,0.0151005555,0.30355752,0.68134195
BS7 9RF,51.48062,-2.590662,4,386,0.28504655,0.2028898,0.5120637
BS7 9RF,51.48062,-2.590662,5,411,0.72598124,0.02747783,0.24654089
BS7 9RF,51.48062,-2.590662,6,434,0.0018107715,0.053076066,0.9451132
BS7 9RF,51.48062,-2.590662,7,398,0.0029809955,0.5242176,0.47280142
BS7 9RF,51.48062,-2.590662,8,475,0.00054809236,0.014307946,0.98514396
BS7 9RF,51.48062,-2.590662,9,409,0.010291335,0.15412416,0.83558446
BS7 9RF,51.48062,-2.590662,10,422,0.0033645933,0.6192106,0.37742478
BS7 9RF,51.48062,-2.590662,11,394,0.00081315363,0.035910398,0.96327645
BS7 9RF,51.48062,-2.590662,12,414,1.340025e-05,0.00048559508,0.999501
BS7 9RF,51.48062,-2.590662,1,418,0.0003850882,0.008274194,0.9913407
BS7 9RF,51.48062,-2.590662,2,377,0.0022451037,0.123350084,0.87440485
BS7 9RF,51.48062,-2.590662,3,437,0.00044129317,0.033591755,0.965967
BS7 9RG,51.48062,-2.590662,3,411,0.0010023868,0.052630622,0.94636697
BS7 9RG,51.48062,-2.590662,4,389,0.28504655,0.2028898,0.5120637
BS7 9RG,51.48062,-2.590662,5,418,0.8364101,0.015829159,0.14776072
BS7 9RG,51.48062,-2.590662,6,445,0.0010376855,0.034087252,0.96487504
BS7 9RG,51.48062,-2.590662,7,415,0.010407188,0.08550537,0.9040875
BS7 9RG,51.48062,-2.590662,8,481,0.00054809236,0.014307946,0.98514396
BS7 9RG,51.48062,-2.590662,9,412,0.0041740667,0.08118326,0.9146427
BS7 9RG,51.48062,-2.590662,10,421,0.004360431,0.44870675,0.5469328
BS7 9RG,51.48062,-2.590662,11,390,8.0564714e-05,0.0022770637,0.99764234
BS7 9RG,51.48062,-2.590662,12,420,1.18317175e-05,6.652452e-05,0.9999217
BS7 9RG,51.48062,-2.590662,1,433,0.00052635773,0.009025915,0.99044776
BS7 9RG,51.48062,-2.590662,2,375,0.0010420749,0.029034896,0.969923
BS7 9RG,51.48062,-2.590662,3,443,0.00033676752,0.022455612,0.9772076
BS7 9RH,51.48062,-2.590662,3,417,0.0013332233,0.034534723,0.964132
BS7 9RH,51.48062,-2.590662,4,390,0.08285089,0.09888142,0.8182677
BS7 9RH,51.48062,-2.590662,5,416,0.8227732,0.017148683,0.16007811
BS7 9RH,51.48062,-2.590662,6,436,0.0014047984,0.052680645,0.94591457
BS7 9RH,51.48062,-2.590662,7,413,0.0032815686,0.07229366,0.9244247
BS7 9RH,51.48062,-2.590662,8,485,0.00054809236,0.014307946,0.98514396
BS7 9RH,51.48062,-2.590662,9,414,0.004069412,0.27348477,0.7224458
BS7 9RH,51.48062,-2.590662,10,425,0.004290533,0.62737656,0.36833295
BS7 9RH,51.48062,-2.590662,11,394,0.00081315363,0.035910398,0.96327645
BS7 9RH,51.48062,-2.590662,12,420,1.18317175e-05,6.652452e-05,0.9999217
BS7 9RH,51.48062,-2.590662,1,436,0.00046545104,0.008038443,0.9914961
BS7 9RH,51.48062,-2.590662,2,376,0.0022451037,0.123350084,0.87440485
BS7 9RH,51.48062,-2.590662,3,441,0.00044129317,0.033591755,0.965967
BS7 9RQ,51.48062,-2.590662,3,414,0.0018836558,0.28207865,0.7160377
BS7 9RQ,51.48062,-2.590662,4,393,0.08285089,0.09888142,0.8182677
BS7 9RQ,51.48062,-2.590662,5,421,0.8018354,0.01843224,0.17973232
BS7 9RQ,51.48062,-2.590662,6,438,0.0014047984,0.052680645,0.94591457
BS7 9RQ,51.48062,-2.590662,7,402,0.0037946217,0.36458093,0.63162446
BS7 9RQ,51.48062,-2.590662,8,476,0.00054809236,0.014307946,0.98514396
BS7 9RQ,51.48062,-2.590662,9,404,0.0054731146,0.7665093,0.22801757
BS7 9RQ,51.48062,-2.590662,10,431,0.0015082514,0.6291296,0.36936215
BS7 9RQ,51.48062,-2.590662,11,397,0.00061209453,0.0152949095,0.98409295
BS7 9RQ,51.48062,-2.590662,12,419,1.437147e-05,6.652434e-05,0.99991906
BS7 9RQ,51.48062,-2.590662,1,422,0.0004064932,0.018365558,0.98122793
BS7 9RQ,51.48062,-2.590662,2,376,0.0022451037,0.123350084,0.87440485
BS7 9RQ,51.48062,-2.590662,3,444,0.00033676752,0.022455612,0.9772076
BS8 3AY,51.455153,-2.603613,3,296,0.00014895482,0.40142673,0.5984243
BS8 3AY,51.455153,-2.603613,4,354,0.61891145,0.05813586,0.32295275
BS8 3AY,51.455153,-2.603613,5,380,0.008401392,0.72500277,0.2665959
BS8 3AY,51.455153,-2.603613,6,344,0.00031435685,0.87443984,0.12524584
BS8 3AY,51.455153,-2.603613,7,307,0.00013686845,0.7295587,0.2703044
BS8 3AY,51.455153,-2.603613,8,397,0.0017716369,0.7733851,0.22484323
BS8 3AY,51.455153,-2.603613,9,337,0.00041783613,0.673833,0.3257491
BS8 3AY,51.455153,-2.603613,10,396,0.00085302844,0.94298226,0.056164686
BS8 3AY,51.455153,-2.603613,11,329,8.010354e-05,0.90566707,0.09425284
BS8 3AY,51.455153,-2.603613,12,256,3.3025135e-05,3.519778e-05,0.9999318
BS8 3AY,51.455153,-2.603613,1,328,0.00027958618,0.676993,0.32272738
BS8 3AY,51.455153,-2.603613,2,260,0.0011434435,0.11053744,0.88831913
BS8 3AY,51.455153,-2.603613,3,362,0.00069679075,0.56801975,0.4312834
BS8 3BP,51.455153,-2.603613,3,340,0.0010932545,0.23017721,0.7687295
BS8 3BP,51.455153,-2.603613,4,424,0.3494607,0.11174171,0.53879756
BS8 3BP,51.455153,-2.603613,5,414,0.7751809,0.118826285,0.10599286
BS8 3BP,51.455153,-2.603613,6,382,0.0002554549,0.25023636,0.7495082
BS8 3BP,51.455153,-2.603613,7,367,0.00020244031,0.8057252,0.19407241
BS8 3BP,51.455153,-2.603613,8,440,0.0032057278,0.83520526,0.161589
BS8 3BP,51.455153,-2.603613,9,387,0.00049801747,0.36186114,0.63764083
BS8 3BP,51.455153,-2.603613,10,461,0.0003094777,0.9821661,0.017524455
BS8 3BP,51.455153,-2.603613,11,362,0.00028922848,0.78324324,0.2164675
BS8 3BP,51.455153,-2.603613,12,290,5.488421e-06,0.0005310513,0.9994635
BS8 3BP,51.455153,-2.603613,1,382,0.0005746233,0.6909053,0.30852005
BS8 3BP,51.455153,-2.603613,2,296,0.0005519643,0.3387176,0.6607304
BS8 3BP,51.455153,-2.603613,3,405,0.009248392,0.5125521,0.4781995
BS8 3JT,51.455153,-2.603613,3,301,3.8461574e-05,0.94006974,0.05989175
BS8 3JT,51.455153,-2.603613,4,364,0.73724973,0.06538609,0.1973642
BS8 3JT,51.455153,-2.603613,5,389,0.012046003,0.81022614,0.17772785
BS8 3JT,51.455153,-2.603613,6,348,0.000431004,0.7748982,0.22467083
BS8 3JT,51.455153,-2.603613,7,315,0.00016920028,0.65024453,0.34958622
BS8 3JT,51.455153,-2.603613,8,400,0.001794439,0.7833391,0.21486652
BS8 3JT,51.455153,-2.603613,9,342,0.0006165269,0.834143,0.16524048
BS8 3JT,51.455153,-2.603613,10,407,0.0021498047,0.8894112,0.10843898
BS8 3JT,51.455153,-2.603613,11,340,0.00043172282,0.7296929,0.26987535
BS8 3JT,51.455153,-2.603613,12,263,8.2508515e-05,5.0208106e-05,0.9998673
BS8 3JT,51.455153,-2.603613,1,345,0.00044078508,0.8821851,0.11737417
BS8 3JT,51.455153,-2.603613,2,265,0.0012688063,0.83268505,0.16604622
BS8 3JT,51.455153,-2.603613,3,374,0.00085309084,0.56779325,0.4313537
BS8 3JU,51.455153,-2.603613,3,300,3.8461574e-05,0.94006974,0.05989175
BS8 3JU,51.455153,-2.603613,4,364,0.73724973,0.06538609,0.1973642
BS8 3JU,51.455153,-2.603613,5,386,0.012046003,0.81022614,0.17772785
BS8 3JU,51.455153,-2.603613,6,348,0.000431004,0.7748982,0.22467083
BS8 3JU,51.455153,-2.603613,7,312,0.00016183086,0.67782044,0.32201773
BS8 3JU,51.455153,-2.603613,8,400,0.001794439,0.7833391,0.21486652
BS8 3JU,51.455153,-2.603613,9,341,0.0006165269,0.834143,0.16524048
BS8 3JU,51.455153,-2.603613,10,404,0.0023784572,0.89842886,0.09919269
BS8 3JU,51.455153,-2.603613,11,336,0.00031618384,0.71100104,0.28868276
BS8 3JU,51.455153,-2.603613,12,263,8.2508515e-05,5.0208106e-05,0.9998673
BS8 3JU,51.455153,-2.603613,1,341,0.0004439469,0.88851315,0.1110429
BS8 3JU,51.455153,-2.603613,2,264,0.0018369396,0.9173161,0.08084695
BS8 3JU,51.455153,-2.603613,3,371,0.00085309084,0.56779325,0.4313537
BS8 3JX,51.455153,-2.603613,3,304,5.8608235e-05,0.9086776,0.09126382
BS8 3JX,51.455153,-2.603613,4,360,0.744036,0.023248143,0.23271587
BS8 3JX,51.455153,-2.603613,5,390,0.013502236,0.6174033,0.3690945
BS8 3JX,51.455153,-2.603613,6,352,0.0003233664,0.32886547,0.6708112
BS8 3JX,51.455153,-2.603613,7,318,0.00017994402,0.50974447,0.49007562
BS8 3JX,51.455153,-2.603613,8,407,0.0048982375,0.7323404,0.26276138
BS8 3JX,51.455153,-2.603613,9,348,0.001396782,0.12944473,0.86915845
BS8 3JX,51.455153,-2.603613,10,416,0.0018827977,0.8194994,0.17861784
BS8 3JX,51.455153,-2.603613,11,335,0.00031618384,0.71100104,0.28868276
BS8 3JX,51.455153,-2.603613,12,265,0.00030912028,0.0002693481,0.9994216
BS8 3JX,51.455153,-2.603613,1,340,0.0006608233,0.72661084,0.2727283
BS8 3JX,51.455153,-2.603613,2,269,0.0004987947,0.5123846,0.4871166
BS8 3JX,51.455153,-2.603613,3,370,0.0008870549,0.44022202,0.5588909
BS8 3JZ,51.455153,-2.603613,3,295,0.00014895482,0.40142673,0.5984243
BS8 3JZ,51.455153,-2.603613,4,349,0.70298356,0.020799424,0.27621698
BS8 3JZ,51.455153,-2.603613,5,376,0.006529826,0.8865865,0.10688375
BS8 3JZ,51.455153,-2.603613,6,345,0.00031435685,0.87443984,0.12524584
BS8 3JZ,51.455153,-2.603613,7,307,0.00013686845,0.7295587,0.2703044
BS8 3JZ,51.455153,-2.603613,8,399,0.001794439,0.7833391,0.21486652
BS8 3JZ,51.455153,-2.603613,9,340,0.00055619905,0.8652798,0.13416405
BS8 3JZ,51.455153,-2.603613,10,402,0.0011943288,0.89620596,0.10259975
BS8 3JZ,51.455153,-2.603613,11,328,8.010354e-05,0.90566707,0.09425284
BS8 3JZ,51.455153,-2.603613,12,259,6.793603e-05,4.2834625e-05,0.99988925
BS8 3JZ,51.455153,-2.603613,1,327,0.00027958618,0.676993,0.32272738
BS8 3JZ,51.455153,-2.603613,2,265,0.0012688063,0.83268505,0.16604622
BS8 3JZ,51.455153,-2.603613,3,363,0.00069679075,0.56801975,0.4312834
BS8 3LR,51.455153,-2.603613,3,276,0.00022729044,0.4551367,0.544636
BS8 3LR,51.455153,-2.603613,4,332,0.0055730734,0.043056864,0.9513701
BS8 3LR,51.455153,-2.603613,5,354,0.018249454,0.61586183,0.36588868
BS8 3LR,51.455153,-2.603613,6,323,6.723052e-05,0.836474,0.16345881
BS8 3LR,51.455153,-2.603613,7,289,0.00014843576,0.72675884,0.27309272
BS8 3LR,51.455153,-2.603613,8,368,0.0001846143,0.76983804,0.22997735
BS8 3LR,51.455153,-2.603613,9,318,0.0001410016,0.8253065,0.17455249
BS8 3LR,51.455153,-2.603613,10,371,0.0007256746,0.09051378,0.90876055
BS8 3LR,51.455153,-2.603613,11,312,0.00017081422,0.8524385,0.14739066
BS8 3LR,51.455153,-2.603613,12,245,3.3025135e-05,3.519778e-05,0.9999318
BS8 3LR,51.455153,-2.603613,1,309,0.00021728314,0.77543,0.22435275
BS8 3LR,51.455153,-2.603613,2,233,0.00027095227,0.714205,0.285524
BS8 3LR,51.455153,-2.603613,3,338,0.0009407115,0.84372425,0.155335
BS8 3LS,51.455153,-2.603613,3,277,0.00022729044,0.4551367,0.544636
BS8 3LS,51.455153,-2.603613,4,335,0.3907307,0.14797296,0.46129638
BS8 3LS,51.455153,-2.603613,5,359,0.018388921,0.60189915,0.37971187
BS8 3LS,51.455153,-2.603613,6,321,6.723052e-05,0.836474,0.16345881
BS8 3LS,51.455153,-2.603613,7,290,0.00011364456,0.77536786,0.2245185
BS8 3LS,51.455153,-2.603613,8,363,0.00056423707,0.26419294,0.7352428
BS8 3LS,51.455153,-2.603613,9,314,0.0001357108,0.83698046,0.16288386
BS8 3LS,51.455153,-2.603613,10,366,0.00028580078,0.90051377,0.0992004
BS8 3LS,51.455153,-2.603613,11,313,0.00017081422,0.8524385,0.14739066
BS8 3LS,51.455153,-2.603613,12,245,3.3025135e-05,3.519778e-05,0.9999318
BS8 3LS,51.455153,-2.603613,1,307,7.007641e-05,0.9772257,0.022704244
BS8 3LS,51.455153,-2.603613,2,233,0.00027095227,0.714205,0.285524
BS8 3LS,51.455153,-2.603613,3,337,0.00029637554,0.84426844,0.15543517
BS8 3LT,51.455153,-2.603613,3,271,0.00023020647,0.1542262,0.84554356
BS8 3LT,51.455153,-2.603613,4,330,0.0055730734,0.043056864,0.9513701
BS8 3LT,51.455153,-2.603613,5,335,0.021786533,0.44985393,0.52835953
BS8 3LT,51.455153,-2.603613,6,315,0.00010523746,0.76591104,0.23398371
BS8 3LT,51.455153,-2.603613,7,283,0.00019287616,0.6391929,0.36061424
BS8 3LT,51.455153,-2.603613,8,355,0.00036556475,0.752381,0.24725346
BS8 3LT,51.455153,-2.603613,9,303,8.224255e-05,0.90615857,0.09375915
BS8 3LT,51.455153,-2.603613,10,354,0.0005606701,0.7949507,0.2044886
BS8 3LT,51.455153,-2.603613,11,306,0.0002636058,0.08442828,0.91530806
BS8 3LT,51.455153,-2.603613,12,241,3.7406317e-05,0.0001073175,0.9998553
BS8 3LT,51.455153,-2.603613,1,303,6.226623e-05,0.9739051,0.026032608
BS8 3LT,51.455153,-2.603613,2,224,0.00022133003,0.49864167,0.501137
BS8 3LT,51.455153,-2.603613,3,324,0.00017148835,0.4045199,0.5953086
BS8 3ND,51.455153,-2.603613,3,275,0.00022729044,0.4551367,0.544636
BS8 3ND,51.455153,-2.603613,4,330,0.0055730734,0.043056864,0.9513701
BS8 3ND,51.455153,-2.603613,5,351,0.0367864,0.27424496,0.68896866
BS8 3ND,51.455153,-2.603613,6,320,6.0665297e-05,0.8524427,0.14749667
BS8 3ND,51.455153,-2.603613,7,286,0.00020932432,0.56084305,0.43894762
BS8 3ND,51.455153,-2.603613,8,363,0.00056423707,0.26419294,0.7352428
BS8 3ND,51.455153,-2.603613,9,318,0.0001410016,0.8253065,0.17455249
BS8 3ND,51.455153,-2.603613,10,369,0.00011291823,0.9482833,0.051603828
BS8 3ND,51.455153,-2.603613,11,312,0.00017081422,0.8524385,0.14739066
BS8 3ND,51.455153,-2.603613,12,242,3.7406317e-05,0.0001073175,0.9998553
BS8 3ND,51.455153,-2.603613,1,309,0.00021728314,0.77543,0.22435275
BS8 3ND,51.455153,-2.603613,2,232,0.00024866962,0.81651616,0.18323514
BS8 3ND,51.455153,-2.603613,3,337,0.00029637554,0.84426844,0.15543517
BS9 3QN,51.486228,-2.61049,3,177,4.158135e-05,0.95253134,0.04742716
BS9 3QN,51.486228,-2.61049,4,170,8.3246494e-05,0.9656782,0.034238517
BS9 3QN,51.486228,-2.61049,5,189,0.0030981947,0.8813051,0.11559677
BS9 3QN,51.486228,-2.61049,6,183,0.001116763,0.972668,0.026215224
BS9 3QN,51.486228,-2.61049,7,221,0.0011012898,0.910522,0.0883767
BS9 3QN,51.486228,-2.61049,8,197,0.00068429636,0.9404869,0.05882883
BS9 3QN,51.486228,-2.61049,9,206,0.0013353653,0.75491583,0.24374877
BS9 3QN,51.486228,-2.61049,10,186,0.06501095,0.9072876,0.027701454
BS9 3QN,51.486228,-2.61049,11,157,0.0013907979,0.9836648,0.014944404
BS9 3QN,51.486228,-2.61049,12,170,0.004885572,0.9229689,0.07214554
BS9 3QN,51.486228,-2.61049,1,135,0.00013583434,0.9044819,0.09538232
BS9 3QN,51.486228,-2.61049,2,129,0.00016312292,0.94398326,0.0558536
BS9 3QN,51.486228,-2.61049,3,163,3.466455e-05,0.9714148,0.028550487
BS9 3QW,51.486228,-2.61049,3,177,4.158135e-05,0.95253134,0.04742716
BS9 3QW,51.486228,-2.61049,4,167,7.6980636e-05,0.9864574,0.013465649
BS9 3QW,51.486228,-2.61049,5,195,0.0031126814,0.964405,0.03248232
BS9 3QW,51.486228,-2.61049,6,181,8.836276e-05,0.98834187,0.011569794
BS9 3QW,51.486228,-2.61049,7,222,0.0011012898,0.910522,0.0883767
BS9 3QW,51.486228,-2.61049,8,196,0.0010158372,0.8424098,0.15657437
BS9 3QW,51.486228,-2.61049,9,207,0.0013877387,0.21437305,0.78423923
BS9 3QW,51.486228,-2.61049,10,186,0.06501095,0.9072876,0.027701454
BS9 3QW,51.486228,-2.61049,11,156,0.0013907979,0.9836648,0.014944404
BS9 3QW,51.486228,-2.61049,12,169,0.0051300568,0.9250894,0.06978054
BS9 3QW,51.486228,-2.61049,1,137,0.00013614804,0.46113035,0.53873354
BS9 3QW,51.486228,-2.61049,2,121,0.00018851069,0.60457474,0.39523673
BS9 3QW,51.486228,-2.61049,3,161,3.3963293e-05,0.97321105,0.026755054
BS9 3RN,51.486228,-2.61049,3,181,8.194892e-05,0.90427965,0.09563843
BS9 3RN,51.486228,-2.61049,4,166,7.6980636e-05,0.9864574,0.013465649
BS9 3RN,51.486228,-2.61049,5,197,0.0019760884,0.94913006,0.048893806
BS9 3RN,51.486228,-2.61049,6,183,0.001116763,0.972668,0.026215224
BS9 3RN,51.486228,-2.61049,7,223,0.0011012898,0.910522,0.0883767
BS9 3RN,51.486228,-2.61049,8,198,0.00059777295,0.9805884,0.018813888
BS9 3RN,51.486228,-2.61049,9,205,0.0013353653,0.75491583,0.24374877
BS9 3RN,51.486228,-2.61049,10,187,0.020380227,0.94845486,0.031164968
BS9 3RN,51.486228,-2.61049,11,159,0.0017277761,0.9797069,0.018565306
BS9 3RN,51.486228,-2.61049,12,170,0.004885572,0.9229689,0.07214554
BS9 3RN,51.486228,-2.61049,1,138,0.00013614804,0.46113035,0.53873354
BS9 3RN,51.486228,-2.61049,2,124,0.00018851069,0.60457474,0.39523673
BS9 3RN,51.486228,-2.61049,3,163,3.466455e-05,0.9714148,0.028550487
BS9 3RP,51.486228,-2.61049,3,183,0.00014543803,0.7766962,0.22315837
BS9 3RP,51.486228,-2.61049,4,166,7.6980636e-05,0.9864574,0.013465649
BS9 3RP,51.486228,-2.61049,5,197,0.0019760884,0.94913006,0.048893806
BS9 3RP,51.486228,-2.61049,6,184,0.0013986608,0.96280354,0.035797797
BS9 3RP,51.486228,-2.61049,7,225,0.001042567,0.9236302,0.075327255
BS9 3RP,51.486228,-2.61049,8,198,0.00059777295,0.9805884,0.018813888
BS9 3RP,51.486228,-2.61049,9,205,0.0013353653,0.75491583,0.24374877
BS9 3RP,51.486228,-2.61049,10,187,0.020380227,0.94845486,0.031164968
BS9 3RP,51.486228,-2.61049,11,159,0.0017277761,0.9797069,0.018565306
BS9 3RP,51.486228,-2.61049,12,172,0.004885572,0.9229689,0.07214554
BS9 3RP,51.486228,-2.61049,1,139,0.00013614804,0.46113035,0.53873354
BS9 3RP,51.486228,-2.61049,2,131,0.00016312292,0.94398326,0.0558536
BS9 3RP,51.486228,-2.61049,3,166,6.4135864e-05,0.9163484,0.083587445
BS9 3RR,51.486228,-2.61049,3,185,7.514628e-05,0.7438366,0.25608826
BS9 3RR,51.486228,-2.61049,4,168,7.972541e-05,0.98539805,0.014522255
BS9 3RR,51.486228,-2.61049,5,198,0.002124366,0.96624357,0.03163207
BS9 3RR,51.486228,-2.61049,6,186,0.0051807133,0.9375073,0.05731198
BS9 3RR,51.486228,-2.61049,7,224,0.001042567,0.9236302,0.075327255
BS9 3RR,51.486228,-2.61049,8,201,0.00058414886,0.95823944,0.041176412
BS9 3RR,51.486228,-2.61049,9,202,0.00085833325,0.9374595,0.06168218
BS9 3RR,51.486228,-2.61049,10,188,0.020380227,0.94845486,0.031164968
BS9 3RR,51.486228,-2.61049,11,159,0.0017277761,0.9797069,0.018565306
BS9 3RR,51.486228,-2.61049,12,172,0.004885572,0.9229689,0.07214554
BS9 3RR,51.486228,-2.61049,1,140,0.00013614804,0.46113035,0.53873354
BS9 3RR,51.486228,-2.61049,2,127,0.00016312292,0.94398326,0.0558536
BS9 3RR,51.486228,-2.61049,3,165,2.9227425e-05,0.97861403,0.021356719
BS9 3RS,51.486228,-2.61049,3,189,9.743019e-05,0.9118985,0.08800408
BS9 3RS,51.486228,-2.61049,4,165,5.5943605e-05,0.992568,0.007376005
BS9 3RS,51.486228,-2.61049,5,189,0.0030981947,0.8813051,0.11559677
BS9 3RS,51.486228,-2.61049,6,195,0.007864188,0.98022276,0.011913074
BS9 3RS,51.486228,-2.61049,7,223,0.0011012898,0.910522,0.0883767
BS9 3RS,51.486228,-2.61049,8,194,0.036918882,0.89585847,0.06722265
BS9 3RS,51.486228,-2.61049,9,203,0.0011805999,0.83057505,0.16824433
BS9 3RS,51.486228,-2.61049,10,185,0.006577632,0.947362,0.04606043
BS9 3RS,51.486228,-2.61049,11,145,0.00091600785,0.99093634,0.008147687
BS9 3RS,51.486228,-2.61049,12,163,0.005076832,0.8321424,0.16278079
BS9 3RS,51.486228,-2.61049,1,123,0.0001138504,0.20600706,0.79387903
BS9 3RS,51.486228,-2.61049,2,129,0.00016312292,0.94398326,0.0558536
BS9 3RS,51.486228,-2.61049,3,170,0.00012548291,0.6078911,0.39198345
BS9 3RT,51.486228,-2.61049,3,182,8.194892e-05,0.90427965,0.09563843
BS9 3RT,51.486228,-2.61049,4,161,6.524374e-05,0.99066085,0.009273886
BS9 3RT,51.486228,-2.61049,5,190,0.0072041075,0.95343673,0.03935918
BS9 3RT,51.486228,-2.61049,6,194,0.006036546,0.98349667,0.010466801
BS9 3RT,51.486228,-2.61049,7,222,0.0011012898,0.910522,0.0883767
BS9 3RT,51.486228,-2.61049,8,196,0.0010158372,0.8424098,0.15657437
BS9 3RT,51.486228,-2.61049,9,203,0.0011805999,0.83057505,0.16824433
BS9 3RT,51.486228,-2.61049,10,181,0.0020039584,0.7638885,0.23410755
BS9 3RT,51.486228,-2.61049,11,148,0.0009437899,0.992591,0.0064652106
BS9 3RT,51.486228,-2.61049,12,160,0.0032627482,0.9233589,0.07337835
BS9 3RT,51.486228,-2.61049,1,132,0.00013583434,0.9044819,0.09538232
BS9 3RT,51.486228,-2.61049,2,129,0.00016312292,0.94398326,0.0558536
BS9 3RT,51.486228,-2.61049,3,168,8.53379e-05,0.87882656,0.121088035
BS9 3SB,51.486228,-2.61049,3,192,0.0005092956,0.7873237,0.21216704
BS9 3SB,51.486228,-2.61049,4,170,8.3246494e-05,0.9656782,0.034238517
BS9 3SB,51.486228,-2.61049,5,195,0.0031126814,0.964405,0.03248232
BS9 3SB,51.486228,-2.61049,6,191,0.014808168,0.97405493,0.011136842
BS9 3SB,51.486228,-2.61049,7,226,0.0013584008,0.3501322,0.6485094
BS9 3SB,51.486228,-2.61049,8,205,0.0009748445,0.7852562,0.21376894
BS9 3SB,51.486228,-2.61049,9,212,0.0013877387,0.21437305,0.78423923
BS9 3SB,51.486228,-2.61049,10,185,0.006577632,0.947362,0.04606043
BS9 3SB,51.486228,-2.61049,11,151,0.0009437899,0.992591,0.0064652106
BS9 3SB,51.486228,-2.61049,12,164,0.0047566257,0.8763187,0.118924715
BS9 3SB,51.486228,-2.61049,1,138,0.00013614804,0.46113035,0.53873354
BS9 3SB,51.486228,-2.61049,2,132,0.00016312292,0.94398326,0.0558536
BS9 3SB,51.486228,-2.61049,3,175,0.00016044038,0.5852438,0.41459575
BS9 3SZ,51.486228,-2.61049,3,179,4.158135e-05,0.95253134,0.04742716
BS9 3SZ,51.486228,-2.61049,4,171,8.3246494e-05,0.9656782,0.034238517
BS9 3SZ,51.486228,-2.61049,5,198,0.002124366,0.96624357,0.03163207
BS9 3SZ,51.486228,-2.61049,6,197,0.00039014485,0.9706771,0.028932795
BS9 3SZ,51.486228,-2.61049,7,226,0.0013584008,0.3501322,0.6485094
BS9 3SZ,51.486228,-2.61049,8,214,0.00031997476,0.029900013,0.96978
BS9 3SZ,51.486228,-2.61049,9,204,0.0013353653,0.75491583,0.24374877
BS9 3SZ,51.486228,-2.61049,10,189,0.7936074,0.15026446,0.056128092
BS9 3SZ,51.486228,-2.61049,11,160,0.0010603013,0.989655,0.009284642
BS9 3SZ,51.486228,-2.61049,12,178,0.00028136894,0.00462815,0.9950905
BS9 3SZ,51.486228,-2.61049,1,153,0.0001486148,0.5295014,0.47035
BS9 3SZ,51.486228,-2.61049,2,135,0.00016312292,0.94398326,0.0558536
BS9 3SZ,51.486228,-2.61049,3,166,6.4135864e-05,0.9163484,0.083587445
BS9 3UA,51.486228,-2.61049,3,176,0.00016044038,0.5852438,0.41459575
BS9 3UA,51.486228,-2.61049,4,169,8.3246494e-05,0.9656782,0.034238517
BS9 3UA,51.486228,-2.61049,5,202,0.0021714813,0.9254121,0.07241648
BS9 3UA,51.486228,-2.61049,6,193,0.0017735731,0.9658052,0.032421246
BS9 3UA,51.486228,-2.61049,7,221,0.0011012898,0.910522,0.0883767
BS9 3UA,51.486228,-2.61049,8,209,0.0014571751,0.29504815,0.7034947
BS9 3UA,51.486228,-2.61049,9,201,0.00085833325,0.9374595,0.06168218
BS9 3UA,51.486228,-2.61049,10,187,0.020380227,0.94845486,0.031164968
BS9 3UA,51.486228,-2.61049,11,162,0.009822568,0.4936333,0.49654415
BS9 3UA,51.486228,-2.61049,12,174,0.015211535,0.43997037,0.5448181
BS9 3UA,51.486228,-2.61049,1,142,0.00013614804,0.46113035,0.53873354
BS9 3UA,51.486228,-2.61049,2,136,0.00016312292,0.94398326,0.0558536
BS9 3UA,51.486228,-2.61049,3,164,2.9233383e-05,0.9788135,0.021157285
